,Domain,Count
1761,twitter.com,4809
707,github.com,4281
1220,npmjs.com,2267
227,blog.npmjs.org,523
1060,medium.com,390
529,docs.npmjs.com,271
1906,youtube.com,195
705,github.blog,172
697,gist.github.com,160
1503,scalenpm.org,110
1608,status.npmjs.org,90
1600,stackoverflow.com,83
474,dev.to,77
122,b.hatena.ne.jp,65
1398,qiita.com,64
211,blog.keithcirkel.co.uk,57
1175,nodesource.com,55
1437,registry.npmjs.org,53
752,hackernoon.com,51
1167,nodejs.org,44
293,bundlephobia.com,43
349,classic.yarnpkg.com,41
1192,npm-stats.com,40
1576,snyk.io,39
1236,npmtrends.com,38
1780,unpkg.com,35
578,engineering.fb.com,33
1909,zdnet.com,33
727,goodbye.paper.li,32
387,codesandbox.io,30
917,jser.info,29
825,instagram.com,28
1356,pnpm.js.org,27
235,blog.risingstack.com,27
1615,stickers.onion.io,27
1915,zenn.dev,26
8,2ality.com,24
1061,medium.freecodecamp.com,24
1558,sitepoint.com,24
1001,lnkd.in,24
1427,reddit.com,23
1896,yarnpkg.com,23
222,blog.nodejitsu.com,22
467,derickbailey.com,22
1065,meetup.com,21
63,anvaka.github.io,21
555,egghead.io,21
1590,speakerdeck.com,20
1231,npms.io,20
785,hugedomains.com,20
1693,theregister.com,19
1475,runkit.com,18
504,digitalocean.com,18
1759,twitch.tv,18
993,linkedin.com,18
429,css-tricks.com,18
1178,none,17
1283,overreacted.io,17
1529,semver.npmjs.com,17
1519,search.npmjs.org,17
1800,verdaccio.org,16
24,addyosmani.com,16
1291,packagephobia.com,15
990,link.medium.com,15
523,docs.github.com,15
1826,wdp.joycalls.com,15
1903,yosuke-furukawa.hatenablog.com,15
1681,thecodebarbarian.com,14
457,davidwalsh.name,14
181,blog.cybozu.io,14
1191,npm-stat.com,14
1757,twilio.com,13
161,bleepingcomputer.com,13
1226,npmjs.tumblr.com,13
77,app.travis-ci.com,13
478,devblogs.microsoft.com,13
381,codepen.io,12
1438,registry.yarnpkg.com,12
1242,numb86-tech.hatenablog.com,12
1080,mixmax.com,12
1199,npm.community,12
1032,marketplace.visualstudio.com,12
1355,pnpm.io,11
378,codeforgeek.com,11
1144,nikola-breznjak.com,11
1612,stefanjudis.com,11
655,freecodecamp.org,11
572,en.wikipedia.org,11
1625,substack.net,11
1288,package.community,11
973,learn.microsoft.com,11
612,facebook.com,11
712,gitlab.com,10
593,eslint.org,10
1523,security.snyk.io,10
1040,mastodon.social,10
224,blog.nodejs.org,10
1271,opencollective.com,10
438,dailyjs.com,10
1360,ponyfoo.com,10
425,crates.io,9
564,elijahmanor.com,9
1712,tiloid.com,9
249,blog.watilde.com,9
728,google.com,9
916,jsdelivr.com,9
1039,masteringjs.io,9
1089,modulecounts.com,8
304,campusmvp.es,8
758,hanselman.com,8
453,david-dm.org,8
1127,news.ycombinator.com,8
1485,ryadel.com,8
250,blog.wu-boy.com,8
1311,pawelgrzybek.com,8
1478,rushjs.io,8
793,i18next.com,8
189,blog.geolonia.com,8
1565,slides.com,8
1388,publickey1.jp,8
832,ionicabizau.net,8
220,blog.modulus.io,7
217,blog.logrocket.com,7
1329,pika.dev,7
1204,npm.runkit.com,7
1504,schneid.io,7
1213,npmcharts.com,7
525,docs.google.com,7
341,chromewebstore.google.com,7
1567,slideshare.net,7
1662,techcrunch.com,7
1875,ww25.hyperfoo.io,7
1359,polymer-project.org,7
762,hashnode.com,7
1155,node-os.com,7
796,iamakulov.com,7
972,leanpub.com,7
1203,npm.pkg.github.com,6
1864,workspaceupdates.googleblog.com,6
965,labs.cybozu.co.jp,6
1575,snowpack.dev,6
456,davidhaney.io,6
1268,open-registry.dev,6
1622,sub.watchmecode.net,6
1547,shift.infinite.red,6
1377,producthunt.com,6
892,jobs.lever.co,6
386,coderwall.com,6
98,arstechnica.com,6
348,cl.ly,6
849,itnext.io,6
1435,registry.npmjs.com,6
1651,t.co,6
1352,plurk.com,6
1124,new-npm-versions.glitch.me,6
792,i.imgur.com,6
724,gofore.com,6
1440,remotion.dev,6
1443,replicate.npmjs.com,6
241,blog.sonatype.com,6
238,blog.ryotak.net,6
1151,njt.vercel.app,6
1195,npm.anvaka.com,6
1330,pikapkg.com,6
298,bytearcher.com,5
1166,nodejs.medium.com,5
202,blog.izs.me,5
1913,zellwk.com,5
999,ln.is,5
1669,telerik.com,5
1002,locize.com,5
373,code.visualstudio.com,5
106,ashleygwilliams.github.io,5
471,dev.classmethod.jp,5
470,dev.azure.com,5
466,deps.dev,5
1765,typescriptlang.org,5
1174,nodesecurity.io,5
1022,make.wordpress.org,5
1196,npm.camp,5
375,codeburst.io,5
1228,npmmirror.com,5
1219,npmhub.org,5
1889,xkcd.com,5
1217,npmfs.com,5
1614,steveklabnik.com,5
374,codeberg.org,5
278,browsenpm.org,5
1828,web.dev,5
783,hub.docker.com,5
623,feedly.com,5
731,gowhich.com,5
898,johnpapa.net,5
624,feedproxy.google.com,5
1847,wesbos.com,5
862,jamie.build,5
896,joezimjs.com,5
1444,replit.com,5
953,kochan.io,5
925,jspm.org,5
66,api.npmjs.org,5
1831,webcomponents.org,5
1373,preview.npmjs.com,5
964,kyndryl.com,5
1838,webpack.js.org,5
401,commerce.nearform.com,4
270,bower.io,4
864,jan-molak.github.io,4
1642,swarmapp.com,4
1111,namecheap.com,4
1116,nativescript.org,4
1351,pluralsight.com,4
421,cost-of-modules.herokuapp.com,4
1339,pkgstats.com,4
527,docs.nativescript.org,4
739,groups.google.com,4
1436,registry.npmjs.eu,4
735,greenkeeper.io,4
691,ghub.io,4
743,gugel.io,4
363,cloudflarestatus.com,4
747,gyazo.com,4
358,cloud.google.com,4
1358,polyfill.io,4
1169,nodejsreactions.tumblr.com,4
1676,tfrommen.de,4
1678,than.pol.as,4
1399,qiita.com:443,4
327,changelog.com,4
1396,python-poetry.org,4
798,ianmcnally.me,4
1455,ricostacruz.com,4
1473,rubygems.org,4
687,getrevue.co,4
685,getpocket.com,4
1530,semver.org,4
1018,mailchimp.com,4
1296,packagist.org,4
567,embed.plnkr.co,4
1546,shields.io,4
475,dev.topheman.com,4
548,drublic.de,4
542,dotnet.microsoft.com,4
486,developer.mozilla.org,4
488,developer.salesforce.com,4
498,devthought.com,4
536,docusaurus.io,4
503,diff.intrinsic.com,4
980,letscodejavascript.com,4
1561,skypack.dev,4
463,deno.land,4
938,keithcirkel.co.uk,4
462,deno.com,4
654,fredkschott.com,4
681,getanalytics.io,4
436,dackdive.hateblo.jp,4
1205,npm.taobao.org,4
1081,mixu.net,4
442,dan.com,4
1328,piecioshka.pl,4
1489,s0ands0.github.io,4
1019,mailin.io,4
639,flippinawesome.org,4
1603,standardjs.com,4
903,jpospisil.com,4
1599,stackblitz.com,4
1306,pastebin.com,4
1246,nvm.run,4
975,learnjs.io,4
0,0-9.tumblr.com,4
103,asciinema.org,4
172,blog.bitsrc.io,4
252,blog.yapcjapan.org,4
123,babeljs.io,4
1799,vercel.com,4
1760,twitpic.com,4
265,booker.codes,4
1844,weibo.com,4
1912,zeke.sikelianos.com,4
67,api.npms.io,4
169,blog.artofcoding.nl,4
1752,tumblr.com,4
1540,shapeshed.com,3
1638,survivejs.com,3
1083,mizdra.net,3
689,ggoodman.github.io,3
1253,observablehq.com,3
686,getpocket.com:443,3
1808,vimeo.com,3
187,blog.expo.dev,3
1076,midu.dev,3
28,adrai.medium.com,3
921,jshint.com,3
402,commitstrip.com,3
404,community.sap.com:443,3
1634,surge.sh,3
673,gemnasium.com,3
672,geekli.st,3
1895,yarn.npmjs.org,3
696,giphy.com,3
930,julian.io,3
716,givan.se,3
1901,yeoman.io,3
720,glitch.com,3
719,glebbahmutov.com,3
1441,remysharp.com,3
1014,maecapozzi.com,3
1327,picostitch.com,3
84,appmaster.io,3
698,gist.githubusercontent.com,3
1095,moroccojs.org,3
1094,morizyun.github.io,3
1447,requirebin.com,3
1319,pgilad.github.io,3
1090,moiva.io,3
145,bing.com,3
1067,mend.io,3
1303,parceljs.com,3
1027,manrueda.com.ar,3
558,eladnava.com,3
1232,npmsearch.com,3
209,blog.june07.com,3
601,evanhahn.com,3
554,efcl.info,3
1577,socket.io,3
596,esnextb.in,3
977,left-pad.io,3
605,ever-js.github.io,3
199,blog.ibangspacebar.com,3
1269,open.spotify.com,3
560,electronjs.org,3
1238,nps.gov,3
1535,serverjs.io,3
1024,mammal.io,3
534,docs.travis-ci.com,3
458,davidwells.io,3
1484,rxdb.info,3
951,klou.tt,3
518,docs.deno.com,3
1618,strongloop.com,3
1493,sambleckley.com,3
431,cto.ai,3
356,clock.co.uk,3
634,flaviocopes.com,3
627,feross.org,3
1277,orta.io,3
1886,wzrd.in,3
1281,outof.me,3
69,apiful.io,3
1009,lucumr.pocoo.org,3
454,david-gilbertson.medium.com,3
609,example.org,3
85,apprendre-nodejs.fr,3
1640,svelte.dev,3
1418,react.i18next.com,3
1348,plnkr.co,3
841,isaacs.iriscouch.com,3
1733,topheman.github.io,3
1163,nodeexamples.com,3
819,infoq.com,3
1684,thehackernews.com,3
328,changelog.md,3
121,aws.amazon.com,3
1384,pscp.tv,3
1412,raw.githubusercontent.com,3
812,impressivewebs.com,3
1126,news.softpedia.com,3
751,habr.com,3
860,jameshfisher.com,3
1391,pusher.com,3
1850,whitemag.com,3
118,auth0.com,3
1176,nodeweekly.com,3
1845,welcometothejungle.com,3
1173,nodeschool.io,3
797,iamturns.com,3
1700,thlorenz.com,3
853,jackfranklin.co.uk,3
754,hacks.mozilla.org,3
787,humanwhocodes.com,3
830,intuit.github.io,3
750,h3manth.com,3
1434,registry.nodejitsu.com,3
890,jkawamoto.info,3
882,jfrog.com,3
343,ci.appveyor.com,3
1821,w3.org,3
1670,teppeis.hatenablog.com,3
1779,unix.stackexchange.com,2
598,ethereum.org,2
1008,lucasfcosta.com,2
1389,publiclab.org,2
551,dzone.com,2
1272,openjsworld2020.sched.com,2
600,etherscan.io,2
1839,webpro.github.io,2
588,err.codes,2
587,ericleads.com,2
1781,unsafe-production.jspm.io,2
586,ericlathrop.com,2
970,lavaldi.com,2
100,artofidea.com,2
802,identifier.name,2
603,eventbrite.com,2
1270,openbase.com,2
829,internals.rust-lang.org,2
1276,oreilly.com,2
1395,pypi.org,2
1837,webpack.github.io,2
608,example.com,2
1370,prettier.io,2
1371,preview-docs.npmjs.com,2
791,i.giphy.com,2
611,expo.dev,2
788,huntr.dev,2
1560,skratchdot.com,2
584,entwickler.de,2
810,imgs.xkcd.com,2
811,imgur.com,2
835,ipinfo.io,2
1369,preconstruct.tools,2
1787,us4.campaign-archive.com,2
1378,programmer-girl.com,2
1544,sheshbabu.com,2
996,lit.dev,2
820,infoworld.com,2
549,duo.com,2
1548,shisama.hatenablog.com,2
1552,silvenon.com,2
1788,usee.at,2
989,lincolnloop.com,2
818,infoq.cn,2
178,blog.codepen.io,2
1383,provisioniam.com,2
987,license.md,2
569,emberobserver.com,2
541,dontkry.com,2
1279,otpjs.com,2
1556,simplechat.support,2
1534,sergiodxa.com,2
986,libraries.io,2
1533,serenity-js.org,2
576,eng.yammer.com,2
170,blog.autsoft.hu,2
983,lexi-lambda.github.io,2
814,incolumitas.com,2
1375,private-registry.com,2
580,engineering.hobsons.com,2
86,apps.apple.com,2
786,humanmade.github.io,2
1280,outdated.sh,2
1508,scottksmith.com,2
1456,rimdev.io,2
694,gianlucaguarini.com,2
147,bit.dev,2
1421,reactrails.com,2
1314,pedroreys.com,2
688,gfx.hatenablog.com,2
148,bit.ly,2
760,harry.garrood.me,2
1461,roamresearch.com,2
82,appleple.github.io,2
1858,wolfe.id.au,2
678,geofirestore.com,2
873,javascript.christmas,2
1466,roblahoda.com,2
764,haveibeenpwned.com,2
875,jaydenseric.com,2
1827,web.archive.org,2
909,js.com,2
740,growingwiththeweb.com,2
136,bertusk.medium.com,2
726,goo.gl,2
139,betterprogramming.pub,2
732,graphql.org,2
736,gregslink.co,2
887,jit.su,2
1446,repository.directory,2
1336,pjchender.blogspot.com,2
710,githubsatellite.com,2
742,gruntjs.com,2
128,basarat.gitbook.io,2
83,apply.workable.com:443,2
1321,philna.sh,2
906,js-code-search.netlify.app,2
922,jslint.com,2
767,heise.de,2
870,jasonformat.com,2
895,joesul.li,2
1401,quora.com,2
1292,packagequality.com,2
1829,webcodegeeks.com,2
1862,wordpress.org,2
631,firstdoit.com,2
629,figma.com,2
72,app.circleci.com,2
945,kickstarter.com,2
954,korosuke613.hatenablog.com,2
1795,vector-graph.com,2
621,feedback.azure.com,2
1284,p.datadoghq.eu,2
959,ktquez.github.io,2
1282,overcast.fm,2
1402,qz.com,2
640,flowchart.js.org,2
867,japan.pm,2
662,fs.blog,2
669,gatsbyjs.com,2
1471,ruanmartinelli.com,2
1472,ruby-toolbox.com,2
666,futurice.com,2
665,futurestud.io,2
79,apple.com,2
928,jubianchi.github.io,2
943,keybase.io,2
659,frontendinsights.com,2
1305,passport.weibo.com,2
1409,railsonmaui.com,2
1300,palantir.github.io,2
1299,pages.community.sap.com,2
865,janmolak.com,2
1251,nytimes.com,2
1728,tomspencer.dev,2
995,linuxfr.org,2
1690,thenewstack.io,2
1613,stenciljs.com,2
1221,npmjs.eu,2
41,alicoding.com,2
1058,media.giphy.com,2
1887,x.com,2
426,create-react-app.dev,2
316,cdn.jsdelivr.net,2
1750,tsuyoshiwada.github.io,2
1689,thenativeweb.io,2
1133,ngrok-dns.june07.com,2
1685,theiaology.com,2
262,bocoup.com,2
1215,npmdiscover.com,2
237,blog.runkit.com,2
416,cordova.apache.org,2
1214,npmdaily.com,2
1683,thegithubshop.com,2
34,akabeko.me,2
229,blog.pankaj.pro,2
437,daily-tech-news.github.io,2
315,cdn.deno.land,2
1222,npmjs.org.au,2
1701,thom4.net,2
12,720kb.github.io,2
216,blog.koba04.com,2
1130,nextjs.org,2
1885,www-9-west.internal.npmjs.com,2
1129,next.yarnpkg.com,2
1048,maxgfeller.com,2
1049,maxivanov.io,2
1606,stateofjs.com,2
1050,maxlab.fr,2
312,cdn-images-1.medium.com,2
221,blog.nativescript.org,2
1225,npmjs.stfi.re,2
1224,npmjs.statuspage.io,2
1177,nomangul.github.io,2
314,cdn.com,2
1223,npmjs.pt,2
413,conventionalcommits.org,2
1120,nearform.com,2
1630,superbigtree.tumblr.com,2
1201,npm.fontawesome.com,2
1113,naomiaro.github.io,2
246,blog.teamtreehouse.com,2
247,blog.theodo.com,2
1674,testing-library.com,2
344,circleci.com,2
372,code.tutsplus.com,2
1093,mopid.me,2
1198,npm.click,2
1672,teslajs.com,2
1098,mrmrs.io,2
1100,msurguy.github.io,2
257,blogs.oracle.com,2
361,cloudappsec.net,2
1109,n8d.at,2
1902,yoriiis.github.io,2
1106,mysterycommand.tumblr.com,2
1666,techtldr.com,2
1897,yarnpkg.github.io,2
1185,npm-auth-ws-1-west.internal.npmjs.com,2
1210,npmawesome.com,2
31,aha.io,2
1073,michelenasti.com,2
334,choosealicense.com,2
407,computerworld.com,2
406,components.guide,2
1074,microsoft.com,2
1075,microsoft.github.io,2
521,docs.expo.dev,2
338,christianliebel.com,2
1643,swc.rs,2
392,codingkilledthecat.wordpress.com,2
1894,yapcjapan.connpass.com,2
390,codewithhugo.com,2
389,codevisually.com,2
1206,npmaddict.com,2
242,blog.stackblitz.com,2
1646,system-dev.jspm.io,2
384,coderbits.com,2
1763,tyankatsu.netlify.app,2
1611,stedolan.github.io,2
484,developer.hatenastaff.com,2
1034,markus.oberlehner.net,2
512,docgov.dev,2
1147,nitayneeman.com,2
1570,smddzcy.com,2
1015,maex.me,2
291,bulbapedia.bulbagarden.net,2
485,developer.ibm.com,2
197,blog.heroku.com,2
1711,tiernok.com,2
489,developers.freee.co.jp,2
490,developers.google.com,2
1248,nx.app,2
267,boredpanda.com,2
1713,tilomitra.com,2
1244,nvd.nist.gov,2
1598,stack.gl,2
279,browserify.org,2
495,devprtcl.com,2
5,2015.jsconfchina.com,2
1916,zite.to,2
195,blog.gutek.pl,2
53,anders.janmyr.com,2
1162,nodechecker.com,2
506,discord.com,2
52,amzn.github.io,2
501,dfkaye.com,2
1164,nodei.co,2
194,blog.greenkeeper.io,2
1239,nuget.org,2
51,ampersandjs.com,2
1707,ti.to,2
1135,ngx.tools,2
1137,ngxs.io,2
1768,uasi.hatenablog.com,2
1569,smashingmagazine.com,2
514,docs.aws.amazon.com,2
479,devcenter.heroku.com,2
472,dev.edenspiekermann.com,2
513,docs.amplify.aws,2
1770,uco.es,2
1771,udemy.com,2
477,devblog.thebase.in,2
1235,npmt.abru.pt,2
273,bretcameron.medium.com,2
1568,smalljs.org,2
295,businessinsider.com,2
1767,typicode.github.io,2
190,blog.getbootstrap.com,2
519,docs.digitalocean.com,2
1726,tomastrajan.medium.com,2
198,blog.heyday.xyz,2
207,blog.johnnyreilly.com,2
1596,spin.atomicobject.com,2
302,calvinmetcalf.com,2
1188,npm-dependencies.com,1
1337,pkg.go.dev,1
1338,pkgr.io,1
1365,poznajprogramowanie.pl,1
1366,pptr.dev,1
1854,wilhelm.co.za,1
1918,zulip.com:443,1
1186,npm-browser.com,1
1917,znck.dev,1
1904,yourdomain.com,1
1367,preact-bulma.surge.sh,1
1368,preactjs.com,1
1161,nodeblog.cloudapp.net,1
1335,pixelgrid.zwezdin.com,1
1334,pixeleate.com,1
1160,node.sj,1
1331,pinia.vuejs.org,1
1333,pixelatedworks.com,1
1159,node.melroy.org,1
1332,pinterest.com,1
1187,npm-dashboard.netlify.app,1
1849,wheresrhys.co.uk,1
1182,noticias.uol.com.br,1
1853,wiki.debian.org,1
1347,plets.me,1
1908,zarf.co,1
1910,zealdocs.org,1
1168,nodejspdx2015.sched.com,1
1852,wicki.io,1
1170,nodeknockout.posterous.com,1
1349,plotly.com,1
1851,whoami-ecapseman.rhcloud.com,1
1350,plugins.jquery.com,1
1171,nodeknockout.tumblr.com,1
1856,wired.com,1
1172,nodered.org,1
1357,poi.js.org,1
1846,wercker.com,1
1848,wesleylhandy.github.io,1
1354,pmuellr.blogspot.com,1
1911,zebzhao.github.io,1
1353,pm2.keymetrics.io,1
1907,zachbruggeman.me,1
1346,playground.abaplint.org,1
1340,placedeslibraires.fr,1
1843,webtask.io,1
1905,youtrack.jetbrains.com,1
1184,nplegends.com,1
1364,powershellgallery.com,1
1341,places.singleplatform.com,1
1183,notion.so,1
1165,nodejs-news.com,1
1342,plaid.com,1
1363,powerbi-cli.github.io,1
1914,zelt.app,1
1343,planner.js.org,1
1362,postcss.parts,1
1361,popper.js.org,1
1181,notboring.co,1
1180,nordicsemi.com,1
1344,platform.text.com,1
1345,player.fm,1
1179,nooooooooooooooo.com,1
1855,window.foo,1
1250,nxpm.dev,1
1189,npm-onupdate.info,1
1240,nukosuke.hatenablog.jp,1
1267,opbeat.com,1
1880,www-10-west.internal.npmjs.com,1
1871,ww16.nzzl.us,1
1870,ww16.nodesimplified.com,1
1237,npmview.vercel.app,1
1869,ww16.dogescript.com,1
1881,www-14-west.internal.npmjs.com,1
1868,ww12.excelbuilderjs.com,1
1273,opensource.com,1
1867,ww1.saber.land,1
1234,npmstats.org,1
1274,opensource.google,1
1882,www-16-west.internal.npmjs.com,1
1883,www-17-west.internal.npmjs.com,1
1233,npmstats.com,1
1275,optimizetoolset.com,1
1884,www-19-west.internal.npmjs.com,1
1278,ostr.io,1
1230,npmrepo.com,1
1866,wrapbootstrap.com,1
1229,npmpackagejsonlint.org,1
1227,npmjsoffline.wordpress.com,1
1865,wptavern.com,1
1266,online.visualstudio.com,1
1241,numaparis.ubicast.tv,1
1190,npm-repo.vercel.app,1
1879,ww7.hackmyresume.com,1
1252,objects.githubusercontent.com,1
1254,octochangelog.com,1
1255,oembed.com,1
1256,ohmyposh.dev,1
1257,ohmyz.sh,1
1258,okaufmann.ch,1
1877,ww25.vuetelemetry.com,1
1876,ww25.nzzl.us,1
1249,nx.dev,1
1259,old.reddit.com,1
1874,ww25.blog.saltfactory.net,1
1260,oldtechgaming.com,1
1261,oligofren.wordpress.com,1
1247,nvmjs.com,1
1262,omakoleg.gitlab.io,1
1878,ww38.blog.michaelhidalgo.info,1
1873,ww25.aganglada.com,1
1263,omrilotan.medium.com,1
1245,nvm-setup.zip,1
1264,onegraph.com,1
1872,ww17.rubygems.com,1
1243,nutboltu.github.io,1
1265,online.stanford.edu,1
1285,paazmaya.com,1
1286,pack11ty.dev,1
1287,package-json-validator.com,1
1863,workmarket.tech,1
1207,npmalerts.herokuapp.com,1
1312,paypal.github.io,1
1857,wizcorp.tumblr.com,1
1893,yanick.github.io,1
1313,pbs.twimg.com,1
1315,pentest.juffalow.com,1
1316,pento.net,1
1202,npm.github.io,1
1317,perrymitchell.net,1
1318,petermikitsh.github.io,1
1320,philipwalton.com,1
1200,npm.fabit.ru,1
1898,yasiv.com,1
1322,photos.google.com,1
1323,php.net,1
1197,npm.ci,1
1324,phpclasses.org,1
1325,phpied.com,1
1326,pi.pe,1
1899,yastatic.net,1
1900,yehudakatz.com,1
1194,npm.abru.pt,1
1193,npm-uninstall-facebook.com,1
1310,patrickwu.ml,1
1209,npmarket.netlify.app,1
1309,patreon.com:443,1
1218,npmgraph.com,1
1289,package.lastpublisher.link,1
1290,packagecontrol.io,1
1888,xabikos.com,1
1293,packages.unity.com,1
1294,packaging.python.org,1
1890,xnimorz.github.io,1
1295,packagist.com,1
1861,wordpress.com,1
1297,packemon.dev,1
1860,wonder-blocks.netlify.app,1
1298,pages.charlesreid1.com,1
1308,patreon.com,1
1891,xtuple.com,1
1216,npmdrinkinggame.party,1
1301,parall.ax,1
1302,parashuto.com,1
1892,xuwei-k.hatenablog.com,1
1304,paritosh4tech.hashnode.dev,1
1859,wolksoftware.com,1
1307,patch.tar.gz,1
1212,npmcdn.com,1
1211,npmbynumbers.bocoup.com,1
1208,npmapi.invntrm.ru,1
1445,repo.vercel.app,1
1372,preview.app,1
1636,survey.stackoverflow.co,1
1755,tweakers.net,1
1610,stealjs.com,1
1756,tweeeety.blog,1
1609,statux.dev,1
1607,static.npmjs.com,1
1605,start.sh,1
1604,stars.yangerxiao.com,1
1758,twitamore.com,1
1602,staging.arc.codes,1
1601,stackshare.io,1
1762,twitter.github.io,1
1764,typefox.io,1
1597,splunk.com,1
1595,spiiice.net,1
1594,speier.github.com,1
1766,typestyle.io,1
1593,speedteste.net,1
1754,tvtime.com,1
1753,tutorialhorizon.com,1
1616,stormpath.com,1
1626,suckless.org,1
1635,survey.developereconomics.com,1
1633,support.snyk.io,1
1632,support.google.com,1
1631,support.github.com,1
1629,super.so,1
1628,sumo.ly,1
1627,sudachi.rs,1
1624,subscription.packtpub.com,1
1617,strapi.io,1
1623,sub.watchmecode.net/,1
1748,tryflow.org,1
1749,tsdx.io,1
1621,styled-components.com,1
1620,stt.readthedocs.io,1
1619,strongloop.webex.com,1
1751,tubes.dev,1
1592,spector.babylonjs.com,1
1769,ubuntu.com,1
1591,speckyboy.com,1
1782,untappd.com,1
1776,undici-fetch.dev,1
1564,sleekjs.com,1
1777,unicode-org.atlassian.net,1
1563,slashdot.org,1
1778,unicorn-utterances.com,1
1562,slack.engineering,1
1559,skimdb.npmjs.com,1
1557,sirap-group.github.io,1
1571,smus.com,1
1783,up.mislav.net,1
1555,simonewebdesign.it,1
1554,simoahava.com,1
1553,silver-surfer.masteringnova.com,1
1551,sig-client.symbol.ninja,1
1550,siderite.dev,1
1549,shoptalkshow.com,1
1566,slides.com:443,1
1572,snack.expo.dev,1
1589,spatie.be,1
1582,solverfox.dev,1
1588,sourcehut.org,1
1587,sourcegraph.com,1
1586,soundcloud.com,1
1585,soss.vercel.app,1
1772,udgwebdev.com,1
1584,sonicdoe.com,1
1583,sonarsource.com,1
1581,soledadpenades.com,1
1573,snipcart.com,1
1580,solarliner.dev,1
1579,sokobelli.club,1
1578,software-architects.com,1
1773,ultcombo.js.org,1
1774,ultimatecourses.com,1
1775,unch.it,1
1574,snowbank.me,1
1747,trufflesuite.github.io,1
1637,surveymonkey.com,1
1842,websocialshare.com,1
1639,survivejs.github.io,1
1703,thomashunter.name,1
1731,tools.hana.ondemand.com,1
1702,thomasburlesonia.medium.com,1
1699,thisisservicedesignthinking.com,1
1698,this.name,1
1697,theverge.com,1
1696,thesabbir.com,1
1695,therootcompany.com,1
1694,theriseoffrontendengineering.com,1
1732,toot.cafe,1
1692,theolognion.com,1
1691,theoatmeal.com,1
1688,thejavascriptpromise.com,1
1687,thejackalofjavascript.com,1
1686,theintern.io,1
1682,thefullstack.xyz,1
1680,the-guild.dev,1
1704,thoughts.al-the-x.me,1
1705,threatpost.com,1
1706,threejs.org,1
1719,title.sh,1
1725,tomastrajan.com,1
1724,tom.preston-werner.com,1
1723,tokenizers-releases.s3.amazonaws.com,1
1722,tobyho.com,1
1729,tomsquest.com,1
1721,tnw.to,1
1720,tldr.sh,1
1718,tiny.cc,1
1708,tidal.com,1
1717,timo-ernst.net,1
1716,timingapp.com,1
1715,times.md,1
1714,timdaub.github.io,1
1710,tieba.baidu.com,1
1730,tooling.github.io,1
1709,tidelift.com,1
1679,thanosjs.org,1
1734,toptal.com,1
1677,thalia.de,1
1649,t.c,1
1654,takeshape.io,1
1653,takemikami.com,1
1741,travel4days.com,1
1742,travis-ci.com,1
1652,takayukinakata.hatenablog.com,1
1743,treeizejs.com,1
1650,t.cn,1
1744,trends.builtwith.com,1
1656,tarosky.co.jp,1
1648,szymonkaliski.com,1
1647,sywac.io,1
1745,trends.google.com,1
1645,swyx.io,1
1644,sweetjs.org,1
1746,triptocarbon.com,1
1641,svrooij.io,1
1655,taotajima.jp,1
1657,taskfile.dev,1
1735,torgeir.github.io,1
1667,teddysun.com,1
1675,testing-playground.com,1
1736,tormozz48.github.io,1
1673,testguild.com,1
1671,termux.com,1
1737,tourmag.com,1
1738,tpu-121.gpt4.org,1
1668,teenyicons.com,1
1665,techrepublic.com,1
1658,teamnik.org,1
1664,techracho.bpsinc.jp,1
1739,trailblazer.salesforce.com,1
1663,techfeed.io,1
1740,transportdirect.info,1
1661,tech.pro,1
1660,tech.plaid.co.jp,1
1659,teamtreehouse.com,1
1784,urlencode.tumblr.com,1
1785,urre.me,1
1786,us-east.manta.joyent.com,1
1545,shhdharmen.github.io,1
1817,vue-nice-avatar.vercel.app,1
1818,vuepress.vuejs.org,1
1819,vuetifyjs.com,1
1820,vxer.org,1
1433,registry.node-modules.io,1
1822,wanago.io,1
1432,registry.hub.docker.com,1
1431,regexr.com,1
1823,wantedly.com,1
1430,reemus.dev,1
1429,redux-toolkit.js.org,1
1428,redpen.cc,1
1824,watilde.hatenablog.com,1
1825,watirmelon.blog,1
1426,redbubble.com,1
1425,redacted.s3-us-west-2.amazonaws.com,1
1424,reciprocity.io,1
1816,vscode.rocks,1
1815,voos8.codesandbox.io,1
1439,remindr.info,1
1450,researchgate.net,1
1458,risingstack.com,1
1457,ripplejs.github.io,1
1809,vine.co,1
1454,riad.blog,1
1453,reviews.freebsd.org,1
1452,reversinglabs.com,1
1451,retirejs.github.io,1
1810,visual.studio,1
1442,reorx.com,1
1449,research.swtch.com,1
1811,vitaly-t.github.io,1
1448,requirejs.org,1
1812,vmware.com,1
1727,tomhummel.com,1
1813,vmx.cx,1
1814,volta.sh,1
1423,reakit.io,1
1422,readme.build,1
1420,reactflow.dev,1
1385,psedici.com,1
1836,webmention.rocks,1
1394,pwmckenna.net,1
1393,pwabuilder.com,1
1392,putaindecode.io,1
1390,puretotal.fun,1
1387,pub.dev,1
1386,pt.stackoverflow.com,1
1382,protechtraining.com,1
1397,qawolf.notion.site,1
1381,prosperitylicense.com,1
1380,projectfluent.org,1
1379,progress.com,1
1840,webschool-tours.fr,1
1841,webslides.tv,1
1376,prnewswire.com,1
1374,prezi.com,1
1835,webinstall.dev,1
1834,webdesign.tutsplus.com,1
1419,reactarmory.com,1
1408,rails-assets.org,1
1417,react.dev,1
1416,react-kawaii.vercel.app,1
1415,react-china.org,1
1414,react-amsterdam.com,1
1413,rdml.it,1
1411,raptorjs.org,1
1410,rantlang.github.io,1
1407,rafflecopter.com,1
1833,webdash.xyz,1
1406,r7kamura.com,1
1405,r.va.gg,1
1404,r.cnpmjs.org,1
1403,r.cnpmjs.io,1
1400,quokkajs.com,1
1830,webcodex.dev,1
1832,webcreatorbox.com,1
1459,riyadhalnur.github.io,1
1460,rnplay.org,1
1462,robertohuertas.com,1
1513,scripts.run,1
1520,searchnod.es,1
1792,v2.vuejs.org,1
1518,search-status.yarnpkg.com,1
1517,seanmcp.com,1
1516,seankenny.me,1
1515,sdx.im,1
1514,sctipts.build,1
1512,scribbletune.com,1
1521,secapps.com,1
1793,validator.w3.org,1
1511,screencast.com,1
1510,scrapbox.io,1
1509,scottspence.com,1
1507,scoop.it,1
1506,sciencealert.com,1
1505,scholars-stage.org,1
1791,uxplanet.org,1
1522,security.googleblog.com,1
1796,velociraptor.run,1
1789,usehooks.com,1
1543,shellyln.github.io,1
1542,shellmonger.azurewebsites.net,1
1541,sharp.dimens.io,1
1539,shaaijs.tech,1
1538,setup.py,1
1537,sethvincent.com,1
1536,session.vc,1
1532,sensio.dev,1
1790,userstyles.org,1
1531,sensedeep.com,1
1157,node.dev,1
1528,semver.io,1
1527,semver-calc.vercel.app,1
1526,semu.github.com,1
1525,seldo.com,1
1524,sedo.com,1
1794,varya.me,1
1797,vendure.io,1
1807,viget.com,1
1474,rubyonrails.org,1
1802,viankakrisna.com,1
1803,victorleungtw.com,1
1479,rushstack.io,1
1804,video-api.support.vonage.com,1
1477,rupeshtiwari.com,1
1476,runpkg.com,1
1805,viennajs.org,1
1806,viewer.scuttlebot.io,1
1481,rustwasm.github.io,1
1470,roost.bocoup.com,1
1469,rollupjs.org,1
1468,rollingversions.com,1
1467,roblox-ts.github.io,1
1465,robinwieruch.de,1
1464,robertwpearce.com,1
1463,robertvojta.pro,1
1480,rust-lang.org,1
1482,ruyadorno.com,1
1502,scalenpm.com,1
1494,samthor.au,1
1501,scalablytyped.org,1
1500,sass-guidelin.es,1
1499,sapegin.me,1
1498,sao.js.org,1
1497,sanity.io,1
1496,sandstorm.io,1
1495,sancho.dev,1
1798,venturebeat.com,1
1483,rwt.io,1
1492,salt.bountysource.com,1
1491,salesforce.stackexchange.com,1
1490,s9a.page,1
1488,s.svarun.in,1
1487,s.2to1.be,1
1486,s-grid.meteor.com,1
1801,version-adoption.vercel.app,1
1158,node.green,1
960,kunuk.wordpress.com,1
1156,node-tooling.slack.com,1
351,clear-code.com,1
364,cloudron.io,1
362,cloudflare.com,1
360,cloud9ide.com,1
359,cloud.redhat.com,1
357,clojurescript.org,1
355,cloc.sourceforge.net,1
354,climate-kic.org,1
353,cli.vuejs.org,1
352,clevertech.biz,1
350,cleanuri.com,1
366,cmichel.io,1
347,cjpatoilo.com,1
346,cjdns.info,1
345,citation.js.org,1
342,chsm.link,1
340,chrome.google.com,1
339,christopherlaughlin.co.uk,1
337,christianheyn.github.io,1
336,chrispanag.com,1
335,chrisglass.com,1
365,cloudup.com,1
367,cobwwweb.com,1
332,chiangmaimovies.com,1
388,codesurfer.pomb.us,1
400,commented-out.com,1
399,comae.com,1
398,colorsets.com,1
397,collectednotes.com,1
396,collabsummit.qiqochat.com,1
395,codular.com,1
394,codsen.com,1
393,codingsans.com,1
391,codinginthecrease.com,1
385,coderbyheart.com,1
368,cocorico.cc,1
383,coderaiser.github.io,1
382,codeproject.com,1
380,codepan.net,1
379,codejam.info,1
377,codedependant.net,1
376,codechips.me,1
371,code.angularjs.org,1
370,code-workshop-kit.com,1
369,code-maven.com,1
333,chilipepper.com,1
331,cheatsheetseries.owasp.org,1
268,bost.ocks.org,1
284,buddy.works,1
296,bygiovanni.com.br,1
294,bunlog.dreamseeker.dev,1
292,bundle.fregante.com,1
290,buildastack.io,1
289,build.sh,1
288,bugs.webkit.org,1
287,bugs.eclipse.org,1
286,bugreports.qt.io,1
285,budget-branding.com,1
283,bubblin.io,1
299,c-note.chatwork.com,1
282,btao.org,1
281,browsersl.ist,1
280,browserifysearch.org,1
277,brookings.edu,1
276,briefs.fm,1
275,bricolage.io,1
274,brianm.me,1
272,brainyquote.com,1
271,bradoyler.tumblr.com,1
297,byoigres.com,1
300,c-sharpcorner.com,1
330,chat.verdaccio.org,1
318,cdnjs.cloudflare.com,1
329,changelogs.xyz,1
326,chancejs.com,1
325,challenge.greemta.eu,1
324,chainid.network,1
323,chadly.net,1
322,cesium.com,1
321,cesanta.com,1
320,ceramic.network,1
319,cdnjs.com,1
317,cdn.reactjs.org,1
301,cabal-version-calculator.netlify.app,1
313,cdn.aiindex.org,1
311,cdaringe.com,1
310,carrot.is,1
309,carlrippon.com,1
308,carloscuesta.me,1
307,carbon.now.sh,1
306,caolan.github.io,1
305,caniuse.com,1
303,cameronnokes.com,1
403,community.chocolatey.org,1
405,compodoc.app,1
408,console.info,1
507,discuss.akamai.com,1
522,docs.flyyer.io,1
520,docs.docker.com,1
517,docs.deckdeckgo.com,1
516,docs.cypress.io,1
515,docs.conda.io,1
511,doc.rust-lang.org,1
510,doc.crates.io,1
509,doc.codingdict.com,1
508,djangopackages.org,1
505,dio.me,1
526,docs.gradle.org,1
502,dfurtado.com,1
500,dfcreative.github.io,1
499,devtin.io,1
497,devtheory.fr,1
496,devslife.dawnimpulse.com,1
494,devm.io,1
493,devhumor.com,1
492,developpez.com,1
491,developers.redhat.com,1
524,docs.gitlab.com,1
528,docs.npm.red,1
409,content.evernote.com,1
545,drmaciver.com,1
561,elegantcode.com,1
559,elastic.co,1
557,eirikb.github.com,1
556,egghead.simplecast.com,1
553,edition.cnn.com,1
552,easyretro.io,1
550,dynastyjs.com,1
547,drpl.it,1
546,dropbox.com,1
544,draculatheme.com,1
530,docs.pipenv.org,1
543,downforeveryoneorjustme.com,1
540,donovanbrown.com,1
539,dominio.com,1
538,domain.com,1
537,dojo.io,1
535,docs.volta.sh,1
533,docs.skypack.dev,1
532,docs.renovatebot.com,1
531,docs.quirrel.dev,1
487,developer.okta.com,1
483,developer.github.com,1
482,developer.epages.com,1
423,cpojer.net,1
439,dailymotion.com,1
435,d3vv6lp55qjaqc.cloudfront.net,1
434,cyclejs-community.github.io,1
433,cutting.scot,1
432,cutehacks.com,1
430,cssnext.github.io,1
428,creativlogic.us,1
427,creativebloq.com,1
424,cpplover.blogspot.com,1
422,covalenceconf.com,1
481,developer.chrome.com,1
420,cors-proxy-ee2bb0df.internal.npmjs.com,1
419,coreycleary.me,1
418,coreybutler.com,1
417,cordova.slack.com,1
415,coolors.co,1
414,coolaj86.com,1
412,contribute.md,1
411,contolini.com,1
410,contentblocks.herokuapp.com,1
440,daisyui.com,1
441,damien.pobel.fr,1
443,danfarrelly.nyc,1
444,daniel-lundin.github.io,1
480,developer.android.com,1
476,devadjust.exblog.jp,1
473,dev.rootstock.io,1
469,desktop.github.com,1
468,descriptive.audio,1
465,denopack.mod.land,1
464,deno.town,1
461,dendritictech.com,1
460,deepu.tech,1
459,deck.gl,1
455,daviddalbusco.medium.com,1
452,date-fns.org,1
451,datatracker.ietf.org,1
450,datadoghq.com,1
449,dash.app,1
448,das.encs.concordia.ca,1
447,darelf.github.io,1
446,darcyclarke.me,1
445,danielsogl.github.io,1
269,bovinosoftexas.com,1
266,bookmarkleet.com,1
1154,noahzinsmeister.gitbook.io,1
76,app.pluralsight.com,1
92,archlinux.org,1
91,archiveprogram.github.com,1
90,archive.uber.com,1
89,archive.newtriks.com,1
88,arc.codes,1
87,ar.al,1
81,appleple.com,1
80,apple.news,1
78,app.travis-ci.com:443,1
75,app.netlify.com,1
94,areknawo.com,1
74,app.gitter.im,1
73,app.coffee,1
71,app.bountysource.com,1
70,app.asana.com,1
68,api.weibo.com,1
65,api.emojitracker.com,1
64,api-docs.npms.io,1
62,antistatique.net,1
61,answers.netlify.com,1
93,are.na,1
95,ariya.io,1
59,angular2-exercises.ninja-squad.com,1
111,astrotomic.info,1
124,bagelee.com,1
120,awe.sm,1
119,autocomplete.trevoreyre.com,1
117,aur.archlinux.org,1
116,attilagyorffy.com,1
115,atmospherejs.com,1
114,atimelogger.com,1
113,asyncdev.net,1
112,asyncapi.com,1
110,assemblyscript.org,1
96,arkpod.in,1
109,aslakhellesoy.com,1
108,ashwinsureshkumar.com,1
107,ashleynolan.co.uk,1
105,ashishcodes4.github.io,1
104,ash.gd,1
102,ascii.jp,1
101,arunmichaeldsouza.com,1
99,artofcoding.nl,1
97,array.map,1
60,angularjs.blogspot.com,1
58,angular.io,1
264,book.mixu.net,1
15,a3.cdn.whatstrending.com,1
25,adminmongo.com,1
23,addons.mozilla.org,1
22,achingbrain.github.io,1
21,acefitness.org,1
20,about.travis-ci.org,1
19,about.gitlab.com,1
18,abicky.net,1
17,abaplint.org,1
16,aaron-powell.com,1
14,a.sni.global-ssl.fastly.net,1
27,adonisjs.svbtle.com,1
13,a.sni.fastly.net,1
11,6to5.github.io,1
10,4waisenkinder.de,1
9,2fbundlephobia.com,1
7,2020.stateofjs.com,1
6,2019.jsconf.asia,1
4,1xlite-782919.top,1
3,1win.pe,1
2,176.9.4.195,1
26,adonisjs.com,1
29,afteracademy.com,1
57,androidpolice.com,1
44,amazon.com,1
56,andreybleme.com,1
55,andrewhfarmer.com,1
54,andersdjohnson.com,1
50,amor.ninja,1
49,amor.cool,1
48,amix.dk,1
47,amitmerchant.com,1
46,amcharts.com,1
45,amberbit.com,1
43,amaze.co,1
30,afternic.com,1
42,alm.tools,1
40,algolia.com,1
39,alfilatov.com,1
38,alexfedoseev.com,1
37,albertovarela.net,1
36,alan.norbauer.com,1
35,akullpp.github.io,1
33,ajv.js.org,1
32,airship.com,1
125,baidu.com,1
126,banseivlog.hatenablog.jp,1
127,basarat.com,1
208,blog.js-republic.com,1
225,blog.nodesecurity.io,1
223,blog.nodejitsu.org,1
219,blog.mindtravel.nl,1
218,blog.madza.dev,1
215,blog.klipse.tech,1
214,blog.kjirou.net,1
213,blog.kimulaco.me,1
212,blog.khaliqgant.com,1
210,blog.kazu69.net,1
206,blog.jim-nielsen.com,1
228,blog.opencollective.com,1
205,blog.jetbrains.com,1
204,blog.javascripting.com,1
203,blog.jacobtan.co,1
201,blog.isquaredsoftware.com,1
200,blog.ipfs.io,1
196,blog.hellojs.org,1
193,blog.gopheracademy.com,1
192,blog.ghaiklor.com,1
191,blog.getsetbro.com,1
226,blog.novanet.no,1
230,blog.parseplatform.org,1
129,batmanjs.org,1
251,blog.wuc.me,1
263,bomba.md,1
261,bobrosslipsum.com,1
260,boards.greenhouse.io,1
259,blurhash-wasm.netlify.app,1
258,bluepnume.medium.com,1
256,blogs.jfrog.org,1
255,blogs.infinitesquare.com,1
254,blogs.adobe.com,1
253,blog.yipl.com.np,1
248,blog.vcarl.com,1
231,blog.pastak.net,1
245,blog.tarekjellali.com,1
244,blog.suryatejak.in,1
243,blog.sugarshin.net,1
240,blog.sindresorhus.com,1
239,blog.scottlogic.com,1
236,blog.rodrigograca.com,1
234,blog.recurity-labs.com,1
233,blog.phylum.io,1
232,blog.pebblecode.com,1
188,blog.frickjack.com,1
186,blog.explosion-pills.com,1
185,blog.duyetdev.com,1
142,bigx.ci.cloudbees.com,1
154,bitsrc.io,1
153,bitsofco.de,1
152,bithound.io,1
151,bitbucket.status.atlassian.com,1
150,bitbucket.org,1
149,bitbucket-npm.aerobatic.io,1
146,bit.cloud,1
144,bimlauncher.com,1
143,bille.dev,1
141,bigshoulders.city,1
184,blog.debugme.eu,1
140,bignerdranch.com,1
138,bestofjs.org,1
137,best.minio.io,1
135,benmvp.com,1
134,benjaminreid.me,1
133,benclinkinbeard.com,1
132,beletsky.net,1
131,bedrock.mxstbr.com,1
130,baz.next,1
155,bjango.com,1
156,blaah.dk,1
157,blackmagic.so,1
158,blah,1
183,blog.daviddias.me,1
182,blog.daftcode.pl,1
180,blog.csdn.net,1
179,blog.cozy.io,1
177,blog.cloudfoundry.com,1
176,blog.cloudflare.com,1
175,blog.cloud66.com,1
174,blog.chromium.org,1
173,blog.cesarandreu.com,1
171,blog.bensbit.co.uk,1
168,blog.appsignal.com,1
167,blog.anoff.io,1
166,blog.angular.io,1
165,blog.andyet.com,1
164,blog.amp.dev,1
163,blog.acolyer.org,1
162,blog.7in0.me,1
160,blakeembrey.com,1
159,blaipratdesaba.com,1
562,elegantcoder.com,1
563,eleventy-embed-tweet.netlify.app,1
565,elmah.io,1
950,kjetilk.com,1
963,kw-note.com,1
962,kvyn.medium.com,1
961,kuvien.io,1
1,10.20.4.161:4873,1
958,kristof0425.github.io,1
957,kremalicious.com,1
956,kottke.org,1
955,kostasbariotis.com,1
952,koala-app.com,1
949,kirimin.hatenablog.com,1
967,landing.google.com,1
948,kirankumarambati.me,1
947,kinder-verstehen.de,1
946,kik.com,1
944,keycdn.com,1
942,kevinsimper.github.io,1
941,kevinsimper.dk,1
940,kevinkreuzer.medium.com,1
939,kendaleiv.com,1
937,kcy.me,1
966,lafermeduweb.net,1
968,latest-openui5.rikosjett.com,1
935,kamilogorek.com,1
991,link.springer.com,1
1006,lornajane.net,1
1005,lord.io,1
1004,loom.com,1
1003,logdown.com,1
1000,lnk.ms,1
998,livescript.net,1
997,livecoding.tv,1
994,linux.com,1
992,link4.fun,1
988,liip.ch,1
969,latesthackingnews.com,1
985,liberty-technology.biz,1
984,lib.haxe.org,1
982,levelup.gitconnected.com,1
981,letstalk.dev,1
979,leonardofaria.net,1
978,legacy.reactjs.org,1
976,learnwithjason.dev,1
974,learncloudnative.com,1
971,lea.verou.me,1
936,kb.cert.org,1
934,justinjohnson.org,1
566,emasuriano.github.io,1
883,jgable.github.com,1
897,johno.com,1
894,joelhooks.com,1
893,joeattardi.codes,1
891,jmduke.com,1
889,jjasonclark.com,1
888,jitbit.com,1
886,jianshu.com,1
885,jhalderm.com,1
884,jh3y.medium.com,1
881,jetbrains.com,1
900,jonnyreeves.co.uk,1
880,jestjs.io,1
879,jeremiak-blog.tumblr.com,1
878,jenil.github.io,1
877,jdan.github.io,1
876,jbavari.github.io,1
874,javascript.github.com,1
872,jastrzebowski.tumblr.com,1
871,jasonmerino.me,1
869,jaredreich.com,1
899,jongleberry.com,1
901,joseluisq.github.io,1
933,justgiving.com,1
918,jsfiddle.net,1
932,jus.js.org,1
931,juliandavidmr.github.io,1
929,juffalow.com,1
927,jstor.org,1
926,jstn.ch,1
924,jsnetworkx.org,1
923,jsmonday.dev,1
920,jsgv.io,1
919,jsguru.io,1
915,jsconf.jp,1
902,journal.sooey.com,1
914,jsbundler.com,1
913,jsbin.com,1
912,jsbelgrade.org,1
911,js2go.com,1
910,js.org,1
908,js.coach,1
907,js-news.quora.com,1
905,jrit-blog.tumblr.com,1
904,jpsoft.com,1
1007,lu.ma,1
1010,luvit.io,1
1011,m.inlinemanual.com,1
1103,mwiede.me,1
1117,navio.dev,1
1115,natemcmaster.com,1
1114,napi.rs,1
1112,namecoin.org,1
1110,namae.dev,1
1108,n.survol.fr,1
1107,myworkspace.slack.com,1
1105,myget.org,1
1104,mxstbr.blog,1
1102,mw.codes,1
1119,ncss.io,1
1101,muffinman.io,1
1099,mscharhag.com,1
1097,mottox2.com,1
1096,motion-layout.azurewebsites.net,1
1092,mongodb.github.io,1
1091,moment.github.io,1
1088,modelpredict.com,1
1087,modeldepot.io,1
1086,modeldepot.github.io,1
1118,nchaulet.fr,1
1121,nec.is,1
1012,m98.be,1
1141,nickmccurdy.com,1
1153,nmps.io,1
1152,nme.com,1
1150,njsi2019.sched.com,1
1149,njl07.github.io,1
1148,nj0ql.csb.app,1
1146,nishinippon.co.jp,1
1145,nipstr.com,1
1143,niels-ole.com,1
1142,nickpoorman-deactivated20200229.tumblr.com,1
1140,nick.freear.org.uk,1
1122,nemethgergely.com,1
1139,nicco.io,1
1138,nhoizey.github.io,1
1136,ngxlite.com,1
1134,ngx-auth-firebaseui.slack.com,1
1132,ngeor.com,1
1131,nfug.connpass.com,1
1128,next-on.netlify.app,1
1125,new.npmjs.org,1
1123,neon-bindings.com,1
1085,mode.here,1
1084,mobile.twitter.com,1
1082,mizchi.hatenablog.com,1
1030,marcusoft.net,1
1043,matthiassommer.it,1
1042,matteo-gabriele.medium.com,1
1041,material.angular.io,1
1038,maryrosecook.notion.site,1
1037,martinemmert.tumblr.com,1
1036,martineau.tv,1
1035,martijnversluis.github.io,1
1033,markmoffat.com,1
1031,mark.stosberg.com,1
1029,maptwits.com,1
1079,minesweeper.june07.com,1
1028,manuel.bernhardt.io,1
1026,manitej.hashnode.dev,1
1025,manage.py,1
1023,makefile.site,1
1021,majestic.debuggable.io,1
1020,maja.cloud,1
1017,mahnunchik.tumblr.com,1
1016,mafintosh.com,1
1013,mae.chab.in,1
1044,matthijskamstra.github.io,1
1045,mattshull.com,1
1046,mattzabriskie.com,1
1047,maurovieirareis.github.io,1
1078,milligram.io,1
1077,miketmoore.com,1
1072,michalzalecki.com,1
1071,michaljanaszek.com,1
1070,michael-kuehnel.de,1
1069,mermaid.js.org,1
1068,merencia.com,1
1066,memo.sugyan.com,1
1064,meeseeks.app,1
1063,medv.io,1
1062,medium.mybridge.co,1
1059,medium.buildo.io,1
1057,mechanics.flite.com,1
1056,mead.io,1
1055,meabed.com,1
1054,me.jstroheker.com,1
1053,mcr.microsoft.com,1
1052,mclear.co.uk,1
1051,maxogden.com,1
868,japaneseemoticons.me,1
866,japan.cnet.com,1
863,jamiewen00.medium.com,1
656,frknbasaran.github.io,1
670,gautsch.codes,1
668,gatsby-theme-sky-lite.netlify.app,1
667,gamedev.staffordwilliams.com,1
664,futurealoof.com,1
663,functionaljs.com,1
661,fruitionsite.com,1
660,frontendweekly.tokyo,1
658,frontendhappyhour.com,1
657,frontarm.com,1
653,freakycoder.com,1
674,gen.xyz,1
652,frankchimero.com,1
651,frank.cozycloud.cc,1
650,framernext.tech,1
649,forums.swift.org,1
648,forums.malwarebytes.com,1
647,forums.creativeclouddeveloper.com,1
646,forum.railsonmaui.com,1
645,formik.org,1
644,foo.com,1
671,geeklearning.io,1
675,genbeta.com,1
714,gitpkg.vercel.app,1
699,gists.rawgit.com,1
711,gitlab.alpinelinux.org,1
709,github.stfi.re,1
708,github.ibm.com,1
706,github.careers,1
704,github-cloud.s3.amazonaws.com,1
703,git.shahidkamal.ml,1
702,git.rootprojects.org,1
701,git.io,1
700,git-scm.com,1
695,gilesbowkett.blogspot.com,1
676,generatedata.com,1
693,ghz.me,1
692,ghub.vercel.app,1
690,ghost.org,1
684,getpino.io,1
683,getglue.com,1
682,getcomposer.org,1
680,get.volta.sh,1
679,gerhut.me,1
677,geoadmin.com.br,1
643,foldable-devices.github.io,1
642,fly.io,1
641,flows.nodered.org,1
583,enshrined.co.uk,1
599,ethers.io,1
597,esy.sh,1
595,esmodules.dev,1
594,esm.sh,1
592,esbuild.vercel.app,1
591,esbuild.github.io,1
590,esbin.netlify.app,1
589,es.next,1
585,ericdouglas.github.io,1
582,engineyard.com,1
638,flipboard.com,1
581,engineering.voxer.com,1
579,engineering.flipboard.com,1
577,engineering.dena.com,1
575,enet4.wordpress.com,1
574,ender.no.de,1
573,enclosejs.com,1
571,emojipicker.app,1
570,emmanuelgautier.fr,1
568,ember-cli-deploy.com,1
602,evanlovely.com,1
604,eventmobi.com,1
606,evernote.com,1
607,evilpacket.net,1
637,flip.it,1
636,flightstorome.moovellab,1
635,flickr.com,1
633,flatsheet.io,1
632,fishshell.com,1
630,filedropper.com,1
628,fgrehm.viewdocs.io,1
626,fellowshipofminds.wordpress.com,1
625,feinternational.com,1
622,feedback.fish,1
620,feedback-fish-angular.netlify.app,1
619,feather.netlify.app,1
618,fcc.timhagn.com,1
617,favicons.io,1
616,fastosphere.meteor.com,1
615,fast.com,1
614,fanfou.com,1
613,fanciullimassimiliano.it,1
610,exploring-data.com,1
713,gitlab.ops.bengo.is,1
715,giuseppeg.github.io,1
861,jamesmessinger.com,1
815,indeed.com,1
828,insum.webex.com,1
827,install.meteor.com,1
826,install.md,1
824,init.author.name,1
823,init.author.email,1
822,infrequently.org,1
821,infragistics.com,1
817,info.meteor.com,1
816,infinite.red,1
813,inch-ci.org,1
833,ionicframework.com,1
809,imgix.com,1
808,img.shields.io,1
807,img.memegenerator.net,1
806,imdb.com,1
805,imageshack.com,1
804,images.dunhilltraveldeals.com,1
803,ifttt.com,1
801,iconutopia.com,1
800,iconify.design,1
831,ionic.io,1
834,iphone-mania.jp,1
717,gkz.github.com,1
848,iterm2.app,1
859,jamesfinlay.io,1
858,jameschambers.com,1
857,jamasoftware.com,1
856,jakobm.com,1
855,jakearchibald.com,1
854,jackmcdade.com,1
852,j.mp,1
851,izs.tumblr.com,1
850,ivanjov.com,1
847,issuetracker.google.com,1
836,irc.freenode.net,1
846,issues.apache.org,1
845,ism1000ch.hatenablog.com,1
844,iskanunu.com,1
843,ishotjr.com,1
842,ish.app,1
840,is-parcel-2-out-yet.vercel.app,1
839,irozhlas.cz,1
838,ironsoftware.com,1
837,iregablog.wordpress.com,1
799,icing.space,1
795,ia801205.us.archive.org,1
794,ia801203.us.archive.org,1
738,groundcomputing.co.uk,1
756,hakatashi.hatenadiary.com,1
755,hail2u.net,1
753,hackerone.com,1
749,gziolo.pl,1
748,gzemnid.oserv.org,1
746,gunosy.com,1
745,gulp.watch,1
744,guides.rubygems.org,1
741,grubersjoe.github.io,1
737,grepper.com,1
790,hygeia.darteaga.com,1
734,greaterthancode.com,1
733,gratipay.news,1
730,gov.uk,1
729,google.de,1
725,goinstant.com,1
723,godaddy.com,1
722,go.googlesource.com,1
721,glitch.happyfox.com,1
718,glassdoor.com,1
757,haloapi.js.org,1
759,harksys.com,1
761,hashbang.nl,1
763,haukeluebbers.de,1
789,hydramicroservice.com,1
784,hudochenkov.com,1
782,htop.dev,1
781,houdini-static-gradient.netlify.app,1
780,hotframeworks.com,1
779,hostnotion.co,1
778,hostingpotion.com,1
777,hostingadvice.com,1
776,horizon.io,1
775,horicdesign.com,1
774,hooks.com,1
773,history.md,1
772,hilgraeve.com,1
771,hexo.io,1
770,hexdocs.pm,1
769,hexa.run,1
768,help.twitter.com,1
766,headman.mgrossklaus.de,1
765,havelog.aho.mu,1
1919,zwicon.com,1
