Domain,Count
twitter.com,4885
github.com,4329
www.npmjs.com,2247
blog.npmjs.org,520
medium.com,384
docs.npmjs.com,280
www.youtube.com,199
github.blog,174
gist.github.com,163
scalenpm.org,110
status.npmjs.org,90
stackoverflow.com,84
dev.to,78
b.hatena.ne.jp,65
qiita.com,64
nodesource.com,54
hackernoon.com,49
registry.npmjs.org,49
nodejs.org,44
bundlephobia.com,43
classic.yarnpkg.com,41
snyk.io,39
npmtrends.com,38
unpkg.com,36
www.npm-stats.com,35
www.zdnet.com,33
engineering.fb.com,32
goodbye.paper.li,32
codesandbox.io,29
jser.info,29
www.instagram.com,28
pnpm.js.org,27
blog.risingstack.com,27
zenn.dev,26
medium.freecodecamp.com,24
2ality.com,24
www.sitepoint.com,24
lnkd.in,24
www.reddit.com,23
yarnpkg.com,23
www.meetup.com,21
anvaka.github.io,21
npms.io,20
egghead.io,20
speakerdeck.com,20
www.hugedomains.com,19
www.theregister.com,19
css-tricks.com,18
runkit.com,18
www.digitalocean.com,18
www.linkedin.com,18
semver.npmjs.com,17
overreacted.io,17
packagephobia.com,17
verdaccio.org,17
www.twitch.tv,17
docs.github.com,16
addyosmani.com,16
yosuke-furukawa.hatenablog.com,15
link.medium.com,15
wdp.joycalls.com,15
davidwalsh.name,14
npm-stat.com,14
blog.cybozu.io,14
thecodebarbarian.com,14
app.travis-ci.com,13
www.bleepingcomputer.com,13
npmjs.tumblr.com,13
devblogs.microsoft.com,13
www.twilio.com,13
registry.yarnpkg.com,12
pnpm.io,12
marketplace.visualstudio.com,12
www.mixmax.com,12
package.community,12
substack.net,11
numb86-tech.hatenablog.com,11
rushjs.io,11
learn.microsoft.com,11
en.wikipedia.org,11
codepen.io,11
www.facebook.com,11
codeforgeek.com,11
www.freecodecamp.org,11
www.stefanjudis.com,11
nikola-breznjak.com,11
gitlab.com,10
mastodon.social,10
opencollective.com,10
ponyfoo.com,10
eslint.org,10
security.snyk.io,10
www.jsdelivr.com,9
news.ycombinator.com,9
blog.watilde.com,9
www.google.com,9
elijahmanor.com,9
tiloid.com,9
masteringjs.io,9
crates.io,9
ionicabizau.net,8
www.hanselman.com,8
blog.geolonia.com,8
www.publickey1.jp,8
slides.com,8
david-dm.org,8
blog.wu-boy.com,8
pawelgrzybek.com,8
www.ryadel.com,8
www.campusmvp.es,8
hashnode.com,7
www.pika.dev,7
leanpub.com,7
techcrunch.com,7
npm.runkit.com,7
www.slideshare.net,7
blog.logrocket.com,7
iamakulov.com,7
ww25.hyperfoo.io,7
npmcharts.com,7
docs.google.com,7
chromewebstore.google.com,7
node-os.com,7
schneid.io,7
polyfill.io,6
coderwall.com,6
npm.pkg.github.com,6
www.pikapkg.com,6
gofore.com,6
blog.ryotak.net,6
labs.cybozu.co.jp,6
jobs.lever.co,6
replit.com,6
njt.vercel.app,6
registry.npmjs.com,6
www.polymer-project.org,6
web.dev,6
i.imgur.com,6
workspaceupdates.googleblog.com,6
npm.anvaka.com,6
arstechnica.com,6
www.snowpack.dev,6
replicate.npmjs.com,6
new-npm-versions.glitch.me,6
webpack.js.org,6
www.remotion.dev,6
shift.infinite.red,6
www.producthunt.com,6
itnext.io,6
www.davidhaney.io,6
www.plurk.com,6
npmmirror.com,5
www.joezimjs.com,5
browsenpm.org,5
blog.izs.me,5
jspm.org,5
www.skypack.dev,5
steveklabnik.com,5
npmfs.com,5
code.visualstudio.com,5
www.kochan.io,5
api.npmjs.org,5
nodesecurity.io,5
xkcd.com,5
www.typescriptlang.org,5
cl.ly,5
nodejs.medium.com,5
bytearcher.com,5
ashleygwilliams.github.io,5
zellwk.com,5
jamie.build,5
feedly.com,5
npmhub.org,5
npm-stats.com,5
www.johnpapa.net,5
dev.azure.com,5
blog.sonatype.com,5
i18next.com,5
locize.com,5
hub.docker.com,5
vercel.com,5
wesbos.com,5
codeburst.io,5
dev.classmethod.jp,5
feedproxy.google.com,5
deps.dev,5
codeberg.org,5
www.kyndryl.com,5
ln.is,5
www.gowhich.com,5
make.wordpress.org,5
diff.intrinsic.com,4
ghub.io,4
www.letscodejavascript.com,4
mixu.net,4
fredkschott.com,4
asciinema.org,4
deno.com,4
www.cloudflarestatus.com,4
www.gatsbyjs.com,4
semver.org,4
babeljs.io,4
orta.io,4
0-9.tumblr.com,4
bower.io,4
stackblitz.com,4
pastebin.com,4
developer.salesforce.com,4
jan-molak.github.io,4
glitch.com,4
jpospisil.com,4
rubygems.org,4
registry.npmjs.eu,4
gugel.io,4
deno.land,4
ricostacruz.com,4
cost-of-modules.herokuapp.com,4
nodejsreactions.tumblr.com,4
docusaurus.io,4
mailchimp.com,4
standardjs.com,4
blog.artofcoding.nl,4
api.npms.io,4
zeke.sikelianos.com,4
changelog.com,4
www.swarmapp.com,4
greenkeeper.io,4
www.webcomponents.org,4
davidwells.io,4
getanalytics.io,4
commerce.nearform.com,4
developer.mozilla.org,4
www.modulecounts.com,4
drublic.de,4
www.pkgstats.com,4
www.namecheap.com,4
piecioshka.pl,4
booker.codes,4
open.spotify.com,4
www.pluralsight.com,4
docs.nativescript.org,4
www.tumblr.com,4
gyazo.com,4
learnjs.io,4
flippinawesome.org,4
packagist.org,4
groups.google.com,4
nativescript.org,4
blog.bitsrc.io,4
cloud.google.com,4
dackdive.hateblo.jp,4
www.keithcirkel.co.uk,4
shields.io,4
ggoodman.github.io,4
embed.plnkr.co,4
getpocket.com,4
python-poetry.org,4
dotnet.microsoft.com,4
tfrommen.de,4
blog.yapcjapan.org,4
www.telerik.com,4
qiita.com:443,4
s0ands0.github.io,4
evanhahn.com,3
shapeshed.com,3
h3manth.com,3
www.jackfranklin.co.uk,3
outof.me,3
jshint.com,3
requirebin.com,3
jameshfisher.com,3
efcl.info,3
appmaster.io,3
wzrd.in,3
twitpic.com,3
pm2.keymetrics.io,3
www.mend.io,3
thehackernews.com,3
www.mizdra.net,3
aws.amazon.com,3
www.infoq.com,3
cto.ai,3
ci.appveyor.com,3
pgilad.github.io,3
sambleckley.com,3
apprendre-nodejs.fr,3
example.org,3
changelog.md,3
discord.com,3
gist.githubusercontent.com,3
plnkr.co,3
yarn.npmjs.org,3
dev.topheman.com,3
nodeweekly.com,3
maecapozzi.com,3
rxdb.info,3
web.archive.org,3
blog.expo.dev,3
moroccojs.org,3
vimeo.com,3
raw.githubusercontent.com,3
serverjs.io,3
survivejs.com,3
www.pscp.tv,3
feross.org,3
glebbahmutov.com,3
habr.com,3
left-pad.io,3
www.electronjs.org,3
www.clock.co.uk,3
givan.se,3
yeoman.io,3
www.w3.org,3
jfrog.com,3
getpocket.com:443,3
nodeschool.io,3
moiva.io,3
www.i18next.com,3
react.i18next.com,3
adrai.medium.com,3
iamturns.com,3
hacks.mozilla.org,3
intuit.github.io,3
news.softpedia.com,3
esnextb.in,3
surge.sh,3
devthought.com,3
giphy.com,3
docs.expo.dev,3
docs.travis-ci.com,3
topheman.github.io,3
app.gitter.im,3
auth0.com,3
www.apiful.io,3
docs.deno.com,3
flaviocopes.com,3
midu.dev,3
www.commitstrip.com,3
www.nps.gov,3
teppeis.hatenablog.com,3
svelte.dev,3
remysharp.com,3
humanwhocodes.com,3
www.welcometothejungle.com,3
lucumr.pocoo.org,3
thlorenz.com,3
blog.june07.com,3
socket.io,3
pusher.com,3
observablehq.com,3
picostitch.com,3
www.impressivewebs.com,3
david-gilbertson.medium.com,3
morizyun.github.io,3
www.julian.io,3
www.jkawamoto.info,3
ever-js.github.io,3
community.sap.com:443,3
weibo.com,3
license.md,2
codingkilledthecat.wordpress.com,2
preconstruct.tools,2
scottksmith.com,2
calvinmetcalf.com,2
smalljs.org,2
anders.janmyr.com,2
ericleads.com,2
www.wolfe.id.au,2
dontkry.com,2
lincolnloop.com,2
blog.koba04.com,2
ipinfo.io,2
stenciljs.com,2
rimdev.io,2
maxgfeller.com,2
korosuke613.hatenablog.com,2
circleci.com,2
shisama.hatenablog.com,2
apps.apple.com,2
libraries.io,2
www.growingwiththeweb.com,2
datatracker.ietf.org,2
jit.su,2
swc.rs,2
basarat.gitbook.io,2
ruanmartinelli.com,2
haveibeenpwned.com,2
media.giphy.com,2
serenity-js.org,2
www.cdn.com,2
www.js.com,2
www.conventionalcommits.org,2
nx.app,2
prettier.io,2
testing-library.com,2
stateofjs.com,2
nextjs.org,2
joesul.li,2
skratchdot.com,2
p.datadoghq.eu,2
yarnpkg.github.io,2
www.oreilly.com,2
www.figma.com,2
gfx.hatenablog.com,2
www.thegithubshop.com,2
msurguy.github.io,2
npmdaily.com,2
firstdoit.com,2
feedback.azure.com,2
blog.heroku.com,2
vector-graph.com,2
next.yarnpkg.com,2
bulbapedia.bulbagarden.net,2
npmjs.statuspage.io,2
www.heise.de,2
www.thenativeweb.io,2
lavaldi.com,2
harry.garrood.me,2
codewithhugo.com,2
passport.weibo.com,2
i.giphy.com,2
apply.workable.com:443,2
keybase.io,2
stack.gl,2
www.npmjs.stfi.re,2
blog.greenkeeper.io,2
developer.ibm.com,2
bit.dev,2
tsuyoshiwada.github.io,2
js-code-search.netlify.app,2
docs.amplify.aws,2
blog.teamtreehouse.com,2
expo.dev,2
app.circleci.com,2
mopid.me,2
incolumitas.com,2
www.aha.io,2
gianlucaguarini.com,2
huntr.dev,2
pypi.org,2
www.nuget.org,2
caniuse.com,2
www.npmdiscover.com,2
typicode.github.io,2
flowchart.js.org,2
unix.stackexchange.com,2
sergiodxa.com,2
mrmrs.io,2
bertusk.medium.com,2
imgs.xkcd.com,2
silvenon.com,2
emberobserver.com,2
michelenasti.com,2
www.tiernok.com,2
palantir.github.io,2
www.jslint.com,2
programmer-girl.com,2
blog.gutek.pl,2
cdn-images-1.medium.com,2
qz.com,2
nvd.nist.gov,2
thom4.net,2
blog.runkit.com,2
blog.stackblitz.com,2
n8d.at,2
lit.dev,2
www.nytimes.com,2
www.ruby-toolbox.com,2
overcast.fm,2
blog.codepen.io,2
dev.edenspiekermann.com,2
www.apple.com,2
www.smashingmagazine.com,2
philna.sh,2
docs.aws.amazon.com,2
superbigtree.tumblr.com,2
browserify.org,2
create-react-app.dev,2
lexi-lambda.github.io,2
humanmade.github.io,2
blog.getbootstrap.com,2
wordpress.org,2
www.quora.com,2
jaydenseric.com,2
cdn.deno.land,2
devcenter.heroku.com,2
www.provisioniam.com,2
futurestud.io,2
openjsworld2020.sched.com,2
dzone.com,2
npmawesome.com,2
amzn.github.io,2
packagequality.com,2
roamresearch.com,2
blog.johnnyreilly.com,2
npm.fontawesome.com,2
entwickler.de,2
ktquez.github.io,2
bocoup.com,2
akabeko.me,2
uasi.hatenablog.com,2
ngx.tools,2
2015.jsconfchina.com,2
us4.campaign-archive.com,2
www.tomspencer.dev,2
naomiaro.github.io,2
techtldr.com,2
goo.gl,2
ti.to,2
imgur.com,2
blog.heyday.xyz,2
nodechecker.com,2
nitayneeman.com,2
www.businessinsider.com,2
tilomitra.com,2
cordova.apache.org,2
publiclab.org,2
www.microsoft.com,2
blog.pankaj.pro,2
blog.theodo.com,2
ngrok-dns.june07.com,2
code.tutsplus.com,2
cdn.jsdelivr.net,2
appleple.github.io,2
blogs.oracle.com,2
roblahoda.com,2
www.kickstarter.com,2
devblog.thebase.in,2
parceljs.com,2
nodei.co,2
jasonformat.com,2
outdated.sh,2
webpack.github.io,2
graphql.org,2
internals.rust-lang.org,2
yoriiis.github.io,2
jubianchi.github.io,2
www.sheshbabu.com,2
tyankatsu.netlify.app,2
www.infoq.cn,2
thenewstack.io,2
theiaology.com,2
choosealicense.com,2
openbase.com,2
cloudappsec.net,2
spin.atomicobject.com,2
npmaddict.com,2
www.uco.es,2
www.boredpanda.com,2
www.nearform.com,2
eladnava.com,2
components.guide,2
developers.google.com,2
duo.com,2
www.webcodegeeks.com,2
pedroreys.com,2
developer.hatenastaff.com,2
www.infoworld.com,2
720kb.github.io,2
www.usee.at,2
www.railsonmaui.com,2
reactrails.com,2
tomastrajan.medium.com,2
christianliebel.com,2
ericlathrop.com,2
derickbailey.com,2
www.eventbrite.com,2
daily-tech-news.github.io,2
www.simplechat.support,2
webpro.github.io,2
microsoft.github.io,2
nomangul.github.io,2
dfkaye.com,2
www.computerworld.com,2
stedolan.github.io,2
etherscan.io,2
lucasfcosta.com,2
japan.pm,2
yapcjapan.connpass.com,2
pjchender.blogspot.com,2
geofirestore.com,2
developers.freee.co.jp,2
markus.oberlehner.net,2
docs.digitalocean.com,2
issuetracker.google.com,2
linuxfr.org,2
maxlab.fr,2
githubsatellite.com,2
www.udemy.com,2
www.maxivanov.io,2
www.ngxs.io,2
smddzcy.com,2
futurice.com,2
teslajs.com,2
pages.community.sap.com,2
blog.nativescript.org,2
ethereum.org,2
mysterycommand.tumblr.com,2
snack.expo.dev,1
yasiv.com,1
www.c-sharpcorner.com,1
www.kb.cert.org,1
browserifysearch.org,1
soundcloud.com,1
wonder-blocks.netlify.app,1
subscription.packtpub.com,1
tidelift.com,1
ghub.vercel.app,1
bubblin.io,1
dfcreative.github.io,1
tieba.baidu.com,1
www.christopherlaughlin.co.uk,1
4waisenkinder.de,1
tobyho.com,1
blog.modulus.io,1
blog.nodesecurity.io,1
blog.nodejitsu.com,1
www.jakobm.com,1
blog.pebblecode.com,1
wizcorp.tumblr.com,1
www.codinginthecrease.com,1
carrot.is,1
npmalerts.herokuapp.com,1
mclear.co.uk,1
package-json-validator.com,1
dailyjs.com,1
www.devthought.com,1
book.mixu.net,1
blog.sugarshin.net,1
webdesign.tutsplus.com,1
docs.skypack.dev,1
kendaleiv.com,1
michael-kuehnel.de,1
rollupjs.org,1
www.haukeluebbers.de,1
rollingversions.com,1
parcel2-repl.vercel.app,1
oligofren.wordpress.com,1
support.google.com,1
react-china.org,1
threejs.org,1
app.coffee,1
bugs.webkit.org,1
velociraptor.run,1
sapegin.me,1
cpojer.net,1
omrilotan.medium.com,1
achingbrain.github.io,1
cloudup.com,1
plets.me,1
app.pluralsight.com,1
www.seanmcp.com,1
esmodules.dev,1
techfeed.io,1
izs.tumblr.com,1
bundle.fregante.com,1
codular.com,1
www.sciencealert.com,1
www.google.de,1
dynastyjs.com,1
chancejs.com,1
darelf.github.io,1
ionicframework.com,1
m98.be,1
cdnjs.cloudflare.com,1
code.angularjs.org,1
survivejs.github.io,1
futurealoof.com,1
basarat.com,1
alm.tools,1
typestyle.io,1
esbuild.vercel.app,1
ww1.saber.land,1
poi.js.org,1
codepan.net,1
sao.js.org,1
get.volta.sh,1
ember-cli-deploy.com,1
npm.community,1
thomashunter.name,1
than.pol.as,1
video-api.support.vonage.com,1
jpsoft.com,1
japaneseemoticons.me,1
npm-repo.vercel.app,1
issues.apache.org,1
staging.arc.codes,1
sonicdoe.com,1
janmolak.com,1
testguild.com,1
www.placedeslibraires.fr,1
archive.newtriks.com,1
elegantcoder.com,1
jsnetworkx.org,1
frontendweekly.tokyo,1
retirejs.github.io,1
haloapi.js.org,1
search-status.yarnpkg.com,1
console.info,1
www.briefs.fm,1
online.stanford.edu,1
gerhut.me,1
codesurfer.pomb.us,1
mobile.twitter.com,1
esbuild.github.io,1
docs.gitlab.com,1
clojurescript.org,1
www.onegraph.com,1
nvmjs.com,1
awe.sm,1
www.frontendhappyhour.com,1
jongleberry.com,1
livescript.net,1
gkz.github.com,1
volta.sh,1
rushstack.io,1
zulip.com:443,1
www.are.na,1
kirimin.hatenablog.com,1
kostasbariotis.com,1
mafintosh.com,1
slides.com:443,1
bitbucket-npm.aerobatic.io,1
identifier.name,1
hudochenkov.com,1
www.postcss.parts,1
znck.dev,1
answers.netlify.com,1
markmoffat.com,1
ww25.nzzl.us,1
tsdx.io,1
rails-assets.org,1
jhalderm.com,1
gratipay.news,1
doc.rust-lang.org,1
webslides.tv,1
ajv.js.org,1
bedrock.mxstbr.com,1
www.dynamicdrive.com:80,1
lea.verou.me,1
176.9.4.195,1
npmjs.eu,1
gemnasium.com,1
www.coreybutler.com,1
nxpm.dev,1
scripts.run,1
maja.cloud,1
www.drmaciver.com,1
smus.com,1
packemon.dev,1
solverfox.dev,1
www.evanlovely.com,1
www.psedici.com,1
reactflow.dev,1
statux.dev,1
modelpredict.com,1
survey.stackoverflow.co,1
legacy.reactjs.org,1
aur.archlinux.org,1
risingstack.com,1
perrymitchell.net,1
www.greaterthancode.com,1
skimdb.npmjs.com,1
date-fns.org,1
artofcoding.nl,1
esy.sh,1
sywac.io,1
contolini.com,1
blakeembrey.com,1
rwt.io,1
bricolage.io,1
history.md,1
www.coreycleary.me,1
grubersjoe.github.io,1
old.reddit.com,1
packagist.com,1
triptocarbon.com,1
react.dev,1
jasonmerino.me,1
scrapbox.io,1
www.notboring.co,1
taotajima.jp,1
developer.epages.com,1
support.github.com,1
addons.mozilla.org,1
api.emojitracker.com,1
developer.chrome.com,1
www.dash.app,1
www.github.careers,1
1win.pe,1
jsbelgrade.org,1
kottke.org,1
blogs.infinitesquare.com,1
roost.bocoup.com,1
mahnunchik.tumblr.com,1
github.stfi.re,1
ww12.excelbuilderjs.com,1
nodejspdx2015.sched.com,1
blog.parseplatform.org,1
paypal.github.io,1
jeremiak-blog.tumblr.com,1
foldable-devices.github.io,1
vitaly-t.github.io,1
sirap-group.github.io,1
cssnext.github.io,1
joseluisq.github.io,1
developer.github.com,1
bookmarkleet.com,1
andersdjohnson.com,1
robertohuertas.com,1
rustwasm.github.io,1
npm.fabit.ru,1
www.asyncapi.com,1
www.codejam.info,1
www.session.vc,1
vmx.cx,1
registry.node-modules.io,1
jdan.github.io,1
angular.io,1
lib.haxe.org,1
teenyicons.com,1
andreybleme.com,1
gitpkg.vercel.app,1
jackmcdade.com,1
getpino.io,1
www.timo-ernst.net,1
codsen.com,1
www.wheresrhys.co.uk,1
www.justgiving.com,1
www.imgix.com,1
www.budget-branding.com,1
blog.novanet.no,1
www.kevinsimper.dk,1
kevinsimper.github.io,1
blog.chromium.org,1
wrapbootstrap.com,1
feather.netlify.app,1
infrequently.org,1
npmarket.netlify.app,1
www.simoahava.com,1
scottspence.com,1
toot.cafe,1
nemethgergely.com,1
www.amazon.com,1
docs.conda.io,1
www.wolksoftware.com,1
www.algolia.com,1
cyclejs-community.github.io,1
blog.klipse.tech,1
npmstats.com,1
tormozz48.github.io,1
robertwpearce.com,1
ultcombo.js.org,1
boards.greenhouse.io,1
devtheory.fr,1
njsi2019.sched.com,1
ruyadorno.com,1
eventmobi.com,1
zelt.app,1
cheatsheetseries.owasp.org,1
blog.pastak.net,1
c-note.chatwork.com,1
nukosuke.hatenablog.jp,1
cesanta.com,1
www.nordicsemi.com,1
coderbyheart.com,1
yehudakatz.com,1
localhost:8080,1
www.dailymotion.com,1
cjdns.info,1
jsconf.jp,1
www.vmware.com,1
www.namecoin.org,1
help.twitter.com,1
abaplint.org,1
playground.abaplint.org,1
dan.com,1
www.donovanbrown.com,1
blog.acolyer.org,1
snipcart.com,1
horizon.io,1
merencia.com,1
stormpath.com,1
www.airship.com,1
adonisjs.svbtle.com,1
ww25.vuetelemetry.com,1
tldr.sh,1
www.kjetilk.com,1
regexr.com,1
coolors.co,1
www.dropbox.com,1
styled-components.com,1
trends.google.com,1
www.robinwieruch.de,1
projectfluent.org,1
mark.stosberg.com,1
sandstorm.io,1
adonisjs.com,1
ncss.io,1
www.mattzabriskie.com,1
registry.hub.docker.com,1
www.nishinippon.co.jp,1
collectednotes.com,1
sdx.im,1
favicons.io,1
ww7.hackmyresume.com,1
www.nme.com,1
matthijskamstra.github.io,1
optimizetoolset.com,1
colorsets.com,1
djangopackages.org,1
gihyo.jp,1
support.snyk.io,1
kamilogorek.com,1
damien.pobel.fr,1
yastatic.net,1
requirejs.org,1
luvit.io,1
therootcompany.com,1
webinstall.dev,1
coolaj86.com,1
git.rootprojects.org,1
pkg.go.dev,1
www.hilgraeve.com,1
photos.google.com,1
www.hydramicroservice.com,1
ww17.rubygems.com,1
userstyles.org,1
tubes.dev,1
link.springer.com,1
alan.norbauer.com,1
www.raptorjs.org,1
tech.plaid.co.jp,1
browsersl.ist,1
udgwebdev.com,1
tools.hana.ondemand.com,1
stt.readthedocs.io,1
stealjs.com,1
xuwei-k.hatenablog.com,1
www.amcharts.com,1
paazmaya.com,1
engineering.dena.com,1
bjango.com,1
blog.daftcode.pl,1
reorx.com,1
webcodex.dev,1
blog.sonatype.com#.VEAxOck08TE,1
simonewebdesign.it,1
www.indeed.com,1
jbavari.github.io,1
enclosejs.com,1
cpplover.blogspot.com,1
ism1000ch.hatenablog.com,1
wiki.debian.org,1
title.sh,1
ericdouglas.github.io,1
strapi.io,1
www.irozhlas.cz,1
theoatmeal.com,1
sourcegraph.com,1
denopack.mod.land,1
www.carlrippon.com,1
javascript.christmas,1
nicco.io,1
napi.rs,1
s9a.page,1
content.evernote.com,1
siderite.dev,1
ifttt.com,1
inch-ci.org,1
blackmagic.so,1
mermaid.js.org,1
blog.jetbrains.com,1
r7kamura.com,1
das.encs.concordia.ca,1
reakit.io,1
kcy.me,1
ww16.nzzl.us,1
rubyonrails.org,1
engineering.flipboard.com,1
ash.gd,1
ubuntu.com,1
ww16.dogescript.com,1
tidal.com,1
www.rupeshtiwari.com,1
www.amberbit.com,1
blog.ghaiklor.com,1
meabed.com,1
zealdocs.org,1
rantlang.github.io,1
ishotjr.com,1
npmcdn.com,1
webcomponents.org,1
kw-note.com,1
jrit-blog.tumblr.com,1
www.sensedeep.com,1
tom.preston-werner.com,1
the-guild.dev,1
hexdocs.pm,1
blog.javascripting.com,1
juliandavidmr.github.io,1
www.johno.com,1
version-adoption.vercel.app,1
reemus.dev,1
docs.docker.com,1
blog.cozy.io,1
carbon.now.sh,1
webmention.rocks,1
makefile.site,1
pinia.vuejs.org,1
example.com,1
sethvincent.com,1
jsgv.io,1
www.liip.ch,1
qawolf.notion.site,1
guides.rubygems.org,1
contentblocks.herokuapp.com,1
benjaminreid.me,1
szymonkaliski.com,1
dev.rootstock.io,1
host,1
www.pinterest.com,1
www.phpclasses.org,1
powerbi-cli.github.io,1
martijnversluis.github.io,1
objects.githubusercontent.com,1
trends.builtwith.com,1
flipboard.com,1
www.nodejs-news.com,1
bagelee.com,1
jmduke.com,1
scalablytyped.org,1
redpen.cc,1
api-docs.npms.io,1
techracho.bpsinc.jp,1
pub.dev,1
letstalk.dev,1
solarliner.dev,1
www.theverge.com,1
esbin.netlify.app,1
popper.js.org,1
levelup.gitconnected.com,1
juffalow.com,1
security.googleblog.com,1
invertase.io,1
bigshoulders.city,1
njl07.github.io,1
archlinux.org,1
termux.com,1
ghz.me,1
nec.is,1
blog.andyet.com,1
taskfile.dev,1
wordpress.com,1
scribbletune.com,1
node.green,1
platform.text.com,1
hakatashi.hatenadiary.com,1
img.shields.io,1
citation.js.org,1
bitbucket.status.atlassian.com,1
www.phpied.com,1
stars.yangerxiao.com,1
blog.angular.io,1
prezi.com,1
www.thalia.de,1
stackshare.io,1
www.cloudron.io,1
viennajs.org,1
www.surveymonkey.com,1
repo.vercel.app,1
rnplay.org,1
packagecontrol.io,1
martineau.tv,1
js.coach,1
blog.frickjack.com,1
freakycoder.com,1
harksys.com,1
www.jetbrains.com,1
spatie.be,1
packaging.python.org,1
trailblazer.salesforce.com,1
ia801205.us.archive.org,1
ia801203.us.archive.org,1
jenil.github.io,1
philipwalton.com,1
s.svarun.in,1
www.amitmerchant.com,1
alfilatov.com,1
autocomplete.trevoreyre.com,1
tweakers.net,1
jameschambers.com,1
www.emmanuelgautier.fr,1
www.dio.me,1
www.chadly.net,1
www.engineyard.com,1
nplegends.com,1
npmbynumbers.bocoup.com,1
daniel-lundin.github.io,1
www.researchgate.net,1
ascii.jp,1
bunlog.dreamseeker.dev,1
parashuto.com,1
mae.chab.in,1
liberty-technology.biz,1
forums.malwarebytes.com,1
www.prnewswire.com,1
soledadpenades.com,1
sancho.dev,1
varya.me,1
preactjs.com,1
hexa.run,1
caolan.github.io,1
blog.opencollective.com,1
chrispanag.com,1
www.cloudflare.com,1
yanick.github.io,1
kevinkreuzer.medium.com,1
pptr.dev,1
voos8.codesandbox.io,1
tooling.github.io,1
d3vv6lp55qjaqc.cloudfront.net,1
torgeir.github.io,1
generatedata.com,1
npmdrinkinggame.party,1
bithound.io,1
www.runpkg.com,1
banseivlog.hatenablog.jp,1
www.progress.com,1
www.screencast.com,1
www.sonarsource.com,1
arc.codes,1
clevertech.biz,1
travel4days.com,1
nickmccurdy.com,1
testing-playground.com,1
www.webcreatorbox.com,1
fast.com,1
www.filedropper.com,1
2019.jsconf.asia,1
sourcehut.org,1
about.gitlab.com,1
www.zarf.co,1
www.software-architects.com,1
hooks.com,1
www.xtuple.com,1
iconutopia.com,1
www.tourmag.com,1
forums.swift.org,1
www.mscharhag.com,1
codingsans.com,1
blog.tarekjellali.com,1
ar.al,1
app.asana.com,1
www.grepper.com,1
dojo.io,1
theintern.io,1
blog.cloudflare.com,1
plugins.jquery.com,1
blog.nodejs.org,1
eleventy-embed-tweet.netlify.app,1
ceramic.network,1
thoughts.al-the-x.me,1
draculatheme.com,1
vuetifyjs.com,1
opensource.google,1
r.cnpmjs.org,1
www.codedependant.net,1
meeseeks.app,1
ethers.io,1
shhdharmen.github.io,1
sass-guidelin.es,1
danielsogl.github.io,1
bost.ocks.org,1
www.jstor.org,1
shoptalkshow.com,1
cesium.com,1
install.md,1
chainid.network,1
www.evernote.com,1
vscode.rocks,1
www.hostingadvice.com,1
astrotomic.info,1
scholars-stage.org,1
minesweeper.june07.com,1
fanfou.com,1
cloud.redhat.com,1
twitter.github.io,1
pmuellr.blogspot.com,1
j.mp,1
bit.cloud,1
miketmoore.com,1
bestofjs.org,1
tpu-121.gpt4.org,1
devadjust.exblog.jp,1
www.marcusoft.net,1
docs.volta.sh,1
www.splunk.com,1
www.brookings.edu,1
www.toptal.com,1
kunuk.wordpress.com,1
mcr.microsoft.com,1
nfug.connpass.com,1
journal.sooey.com,1
www.appleple.com,1
horicdesign.com,1
formik.org,1
app.travis-ci.com:443,1
npmview.vercel.app,1
www.11ty.dev,1
natemcmaster.com,1
tech.pro,1
packages.unity.com,1
tutorialhorizon.com,1
neon-bindings.com,1
build.sh,1
www.scoop.it,1
batmanjs.org,1
www.aslakhellesoy.com,1
pi.pe,1
spector.babylonjs.com,1
maxogden.com,1
angularjs.blogspot.com,1
npmjsoffline.wordpress.com,1
shellyln.github.io,1
victorleungtw.com,1
blog.anoff.io,1
lornajane.net,1
nx.dev,1
javascript.github.com,1
jsfiddle.net,1
soss.vercel.app,1
giuseppeg.github.io,1
myworkspace.slack.com,1
oembed.com,1
michalzalecki.com,1
getglue.com,1
hail2u.net,1
unicode-org.atlassian.net,1
alexfedoseev.com,1
redux-toolkit.js.org,1
www.kirankumarambati.me,1
gists.rawgit.com,1
developer.okta.com,1
www.vzhurudolu.cz,1
m.inlinemanual.com,1
blog.recurity-labs.com,1
redacted.s3-us-west-2.amazonaws.com,1
evilpacket.net,1
cutting.scot,1
wicki.io,1
bradoyler.tumblr.com,1
ariya.io,1
blog.isquaredsoftware.com,1
cameronnokes.com,1
suckless.org,1
research.swtch.com,1
vxer.org,1
mw.codes,1
omakoleg.gitlab.io,1
slashdot.org,1
antistatique.net,1
carloscuesta.me,1
navio.dev,1
esm.sh,1
unicorn-utterances.com,1
jgable.github.com,1
www.datadoghq.com,1
maex.me,1
vendure.io,1
www.fs.blog,1
www.takeshape.io,1
node-tooling.slack.com,1
collabsummit.qiqochat.com,1
deepu.tech,1
easyretro.io,1
blog.mindtravel.nl,1
opensource.com,1
untappd.com,1
www.sanity.io,1
www.jianshu.com,1
usehooks.com,1
uxplanet.org,1
theriseoffrontendengineering.com,1
changelogs.xyz,1
nutboltu.github.io,1
petermikitsh.github.io,1
cobwwweb.com,1
www.seankenny.me,1
bitbucket.org,1
images.dunhilltraveldeals.com,1
github-cloud.s3.amazonaws.com,1
japan.cnet.com,1
trufflesuite.github.io,1
jsbin.com,1
www.gov.uk,1
buddy.works,1
houdini-static-gradient.netlify.app,1
bovinosoftexas.com,1
coderaiser.github.io,1
git.io,1
frontarm.com,1
static.npmjs.com,1
blog.khaliqgant.com,1
www.swyx.io,1
ghost.org,1
portal.productboard.com,1
thisisservicedesignthinking.com,1
ww25.blog.saltfactory.net,1
nhoizey.github.io,1
pack11ty.dev,1
twitamore.com,1
ironsoftware.com,1
places.singleplatform.com,1
elmah.io,1
node.dev,1
pixelatedworks.com,1
btao.org,1
www.travis-ci.com,1
www.usa.com,1
github.ibm.com,1
justinjohnson.org,1
xnimorz.github.io,1
codechips.me,1
martinemmert.tumblr.com,1
www.jamasoftware.com,1
teddysun.com,1
bretcameron.medium.com,1
www.theolognion.com,1
www.matthiassommer.it,1
nipstr.com,1
www.niels-ole.com,1
dendritictech.com,1
www.covalenceconf.com,1
blog.explosion-pills.com,1
blog.jim-nielsen.com,1
frankchimero.com,1
mwiede.me,1
areknawo.com,1
landing.google.com,1
venturebeat.com,1
blog.ipfs.io,1
js.org,1
namae.dev,1
desktop.github.com,1
us-east.manta.joyent.com,1
engineering.voxer.com,1
xabikos.com,1
about.travis-ci.org,1
jakearchibald.com,1
img.memegenerator.net,1
urlencode.tumblr.com,1
www.imdb.com,1
www.bing.com?ref=aka&shorturl=vscode-jul19,1
www.bing.com?ref=aka&shorturl=Mbw2sy,1
icing.space,1
www.nchaulet.fr,1
next-on.netlify.app,1
2020.stateofjs.com,1
doc.codingdict.com,1
www.bobrosslipsum.com,1
blog.cloud66.com,1
plotly.com,1
semver-calc.vercel.app,1
www.flickr.com,1
blurhash-wasm.netlify.app,1
maurovieirareis.github.io,1
matteo-gabriele.medium.com,1
cjpatoilo.com,1
milligram.io,1
go.googlesource.com,1
feedback.fish,1
feedback-fish-angular.netlify.app,1
blog.hellojs.org,1
www.livecoding.tv,1
lu.ma,1
gatsby-theme-sky-lite.netlify.app,1
js2go.com,1
chilipepper.com,1
super.so,1
hostnotion.co,1
fruitionsite.com,1
gruntjs.com,1
pixeleate.com,1
jonnyreeves.co.uk,1
tnw.to,1
cloc.sourceforge.net,1
roblox-ts.github.io,1
hackerone.com,1
afteracademy.com,1
react-kawaii.vercel.app,1
elegantcode.com,1
www.notion.so,1
thanosjs.org,1
chrome.google.com,1
www.glassdoor.com,1
developer.android.com,1
nick.freear.org.uk,1
cdnjs.com,1
bit.ly,1
nodeknockout.tumblr.com,1
glitch.happyfox.com,1
tomhummel.com,1
help.twilio.com,1
gilesbowkett.blogspot.com,1
youtrack.jetbrains.com,1
ashleynolan.co.uk,1
ripplejs.github.io,1
bugs.eclipse.org,1
mxstbr.blog,1
vine.co,1
wptavern.com,1
www.jitbit.com,1
www.php.net,1
emasuriano.github.io,1
www.loom.com,1
gen.xyz,1
speier.github.com,1
muffinman.io,1
wesleylhandy.github.io,1
npmpackagejsonlint.org,1
gitlab.alpinelinux.org,1
plaid.com,1
www.creativebloq.com,1
wanago.io,1
arunmichaeldsouza.com,1
cmichel.io,1
vue-nice-avatar.vercel.app,1
thefullstack.xyz,1
noahzinsmeister.gitbook.io,1
www.wantedly.com,1
www.wilhelm.co.za,1
speckyboy.com,1
atmospherejs.com,1
jsguru.io,1
6to5.github.io,1
www.tomsquest.com,1
medv.io,1
havelog.aho.mu,1
getcomposer.org,1
reviews.freebsd.org,1
www.attilagyorffy.com,1
docs.quirrel.dev,1
hexo.io,1
r.va.gg,1
fly.io,1
noticias.uol.com.br,1
threatpost.com,1
enet4.wordpress.com,1
blog.appsignal.com,1
www.atimelogger.com,1
developers.redhat.com,1
blog.gopheracademy.com,1
v2.vuejs.org,1
workmarket.tech,1
infinite.red,1
www.benmvp.com,1
www.learnwithjason.dev,1
npm-dashboard.netlify.app,1
preview.app,1
www.lafermeduweb.net,1
ish.app,1
tokenizers-releases.s3.amazonaws.com,1
cordova.slack.com,1
www.rust-lang.org,1
www.redbubble.com,1
tiny.cc,1
docs.gradle.org,1
mottox2.com,1
blog.amp.dev,1
www.pwabuilder.com,1
is-parcel-2-out-yet.vercel.app,1
www.infragistics.com,1
fishshell.com,1
i.vgy.me,1
poznajprogramowanie.pl,1
timingapp.com,1
ivanjov.com,1
prosperitylicense.com,1
blog.rodrigograca.com,1
blog.csdn.net,1
jh3y.medium.com,1
www.acefitness.org,1
www.cutehacks.com,1
bugreports.qt.io,1
flows.nodered.org,1
validator.w3.org,1
daviddalbusco.medium.com,1
ohmyz.sh,1
ww38.blog.michaelhidalgo.info,1
kvyn.medium.com,1
flip.it,1
lord.io,1
pbs.twimg.com,1
www.linux.com,1
www.developpez.com,1
fs.blog,1
www.comae.com,1
secapps.com,1
tarosky.co.jp,1
websocialshare.com,1
ionic.io,1
docs.deckdeckgo.com,1
silver-surfer.masteringnova.com,1
fcc.timhagn.com,1
egghead.simplecast.com,1
blog.phylum.io,1
pento.net,1
quokkajs.com,1
thejavascriptpromise.com,1
cdaringe.com,1
eirikb.github.com,1
iphone-mania.jp,1
docs.pipenv.org,1
pixelgrid.zwezdin.com,1
blog.jacobtan.co,1
bitly.com,1
kremalicious.com,1
archiveprogram.github.com,1
iregablog.wordpress.com,1
myget.org,1
mizchi.hatenablog.com,1
ultimatecourses.com,1
www.viget.com,1
www.transportdirect.info,1
kristof0425.github.io,1
joelhooks.com,1
htop.dev,1
bitsofco.de,1
koala-app.com,1
reactarmory.com,1
developers.clever-cloud.com,1
pages.charlesreid1.com,1
tomastrajan.com,1
zebzhao.github.io,1
install.meteor.com,1
enshrined.co.uk,1
medium.mybridge.co,1
modeldepot.github.io,1
modeldepot.io,1
samthor.au,1
frknbasaran.github.io,1
iskanunu.com,1
ngx-auth-firebaseui.slack.com,1
kik.com,1
blog.kazu69.net,1
www.codeproject.com,1
blog.wuc.me,1
mongodb.github.io,1
mongoosejs.com,1
ww25.aganglada.com,1
memo.sugyan.com,1
daisyui.com,1
jestjs.io,1
dfurtado.com,1
descriptive.audio,1
www.protechtraining.com,1
motion-layout.azurewebsites.net,1
www.kinder-verstehen.de,1
deno.town,1
www.clear-code.com,1
planner.js.org,1
moment.github.io,1
n.survol.fr,1
putaindecode.io,1
cleanuri.com,1
ashishcodes4.github.io,1
www.brainyquote.com,1
paritosh4tech.hashnode.dev,1
material.angular.io,1
www.wired.com,1
www.sweetjs.org,1
christianheyn.github.io,1
www.reversinglabs.com,1
nickpoorman-deactivated20200229.tumblr.com,1
www.climate-kic.org,1
challenge.greemta.eu,1
gunosy.com,1
teamtreehouse.com,1
kuvien.io,1
www.assemblyscript.org,1
www.patreon.com:443,1
www.patreon.com,1
ostr.io,1
devhumor.com,1
gziolo.pl,1
www.learncloudnative.com,1
compodoc.app,1
webdash.xyz,1
takemikami.com,1
code-maven.com,1
akullpp.github.io,1
salesforce.stackexchange.com,1
edition.cnn.com,1
mattshull.com,1
www.techrepublic.com,1
abicky.net,1
www.rafflecopter.com,1
www.keycdn.com,1
www.albertovarela.net,1
parall.ax,1
downforeveryoneorjustme.com,1
ohmyposh.dev,1
app.netlify.com,1
www.bimlauncher.com,1
nodered.org,1
webschool-tours.fr,1
hotframeworks.com,1
manuel.bernhardt.io,1
hashbang.nl,1
svrooij.io,1
git-scm.com,1
iconify.design,1
chrisglass.com,1
apple.news,1
bluepnume.medium.com,1
www.jsmonday.dev,1
www.tweeeety.blog,1
www.octochangelog.com,1
docs.cypress.io,1
community.chocolatey.org,1
exploring-data.com,1
angular2-exercises.ninja-squad.com,1
blog.suryatejak.in,1
semu.github.com,1
feinternational.com,1
npm-dependencies.com,1
www.typefox.io,1
ngeor.com,1
watilde.hatenablog.com,1
deck.gl,1
pt.stackoverflow.com,1
brianm.me,1
nj0ql.csb.app,1
www.zwicon.com,1
gautsch.codes,1
timdaub.github.io,1
ngxlite.com,1
doc.crates.io,1
slack.engineering,1
bille.dev,1
leonardofaria.net,1
speedteste.net,1
www.bing.com?ref=aka&shorturl=ntvslatest,1
vuepress.vuejs.org,1
preact-bulma.surge.sh,1
docs.renovatebot.com,1
takayukinakata.hatenablog.com,1
devnot.com,1
latest-openui5.rikosjett.com,1
player.fm,1
blog.vcarl.com,1
blaipratdesaba.com,1
www.genbeta.com,1
www.powershellgallery.com,1
cli.vuejs.org,1
discuss.akamai.com,1
code-workshop-kit.com,1
blog.scottlogic.com,1
www.yourdomain.com,1
maryrosecook.notion.site,1
www.tvtime.com,1
online.visualstudio.com,1
imageshack.com,1
benclinkinbeard.com,1
jastrzebowski.tumblr.com,1
seldo.com,1
betterprogramming.pub,1
manitej.hashnode.dev,1
ww16.nodesimplified.com,1
riad.blog,1
api.weibo.com,1
bignerdranch.com,1
latesthackingnews.com,1
michaljanaszek.com,1
mead.io,1
cabal-version-calculator.netlify.app,1
jamiewen00.medium.com,1
beletsky.net,1
urre.me,1
blog.yipl.com.np,1
www.baidu.com,1
